time_bot,id_bot,doc_name,session,failed_session,expired_session,start_page,end_page,page,n_rows,n_cols,message
2023-01-30 00:59:54.527184,1,pcoc,0,0,0,3061,6122,3061,0,0,START PROGRAM
2023-01-30 01:01:13.223264,1,pcoc,1,0,0,3061,6122,3061,0,0,"Portal Web Loaded, Go to Page"
2023-01-30 01:01:49.391364,1,pcoc,1,0,0,3061,6122,3061,0,0,Check Expired session in FIND LAST PAGE MINEDn
2023-01-30 08:16:47.091731,1,pcoc,1,0,0,3061,6122,3061,0,0,RESTART PROGRAM
2023-01-30 08:18:43.040911,1,pcoc,2,0,0,3061,6122,3061,0,0,"Portal Web Loaded, Go to Page"
2023-01-30 08:19:39.739963,1,pcoc,2,0,0,3061,6122,3061,0,0,Check Expired session in FIND LAST PAGE MINED
2023-01-30 08:19:39.885084,1,pcoc,2,1,0,3061,6122,3061,0,0,falied session
2023-01-30 08:19:42.525607,1,pcoc,2,1,0,3061,6122,3061,0,0,RESTART PROGRAM
2023-01-30 08:21:23.907086,1,pcoc,3,1,0,3061,6122,3061,0,0,"Portal Web Loaded, Go to Page"
2023-01-30 08:22:09.758842,1,pcoc,3,1,0,3061,6122,3061,0,0,Check Expired session in FIND LAST PAGE MINED
2023-01-30 08:22:09.916500,1,pcoc,3,2,0,3061,6122,3061,0,0,falied session
2023-01-30 08:22:12.976177,1,pcoc,3,2,0,3061,6122,3061,0,0,RESTART PROGRAM
2023-01-30 08:23:38.045928,1,pcoc,4,2,0,3061,6122,3061,0,0,"Portal Web Loaded, Go to Page"
2023-01-30 08:24:27.264134,1,pcoc,4,2,0,3061,6122,3061,0,0,Check Expired session in FIND LAST PAGE MINED
2023-01-30 08:24:27.649487,1,pcoc,4,3,0,3061,6122,3061,0,0,falied session
2023-01-30 08:24:32.280481,1,pcoc,4,3,0,3061,6122,3061,0,0,RESTART PROGRAM
2023-01-30 08:39:11.512555,1,pcoc,21,19,0,3061,6122,3061,0,0,"Portal Web Loaded, Go to Page"
2023-01-30 08:39:55.616552,1,pcoc,21,19,0,3061,6122,3061,0,0,Check Expired session in FIND LAST PAGE MINED
2023-01-30 08:39:56.262283,1,pcoc,21,20,0,3061,6122,3061,0,0,falied session
2023-01-30 08:40:17.063482,1,pcoc,21,20,0,3061,6122,3061,0,0,RESTART PROGRAM
2023-01-30 08:41:06.738028,1,pcoc,22,20,0,3061,6122,3061,0,0,"Portal Web Loaded, Go to Page"
2023-01-30 08:46:18.940203,1,pcoc,22,20,0,3061,6122,3061,0,0,Check Expired session in FIND LAST PAGE MINED
2023-01-30 08:48:23.503026,1,pcoc,22,20,0,3061,6122,3061,0,0,Resume Mining
2023-01-30 09:24:06.518259,1,pcoc,22,20,0,3061,6122,3097,5640,7,Saved Data
2023-01-30 09:29:21.102658,1,pcoc,22,20,0,3061,6122,3097,0,0,Check Expired session in FIND LAST PAGE DETAIL MINED
2023-01-30 09:29:21.869421,1,pcoc,22,20,1,3061,6122,3097,0,0,Expired session
2023-01-30 09:29:51.926955,1,pcoc,22,20,1,3061,6122,3097,0,0,Fail Click
2023-01-30 09:29:51.935948,1,pcoc,22,20,1,3061,6122,3097,0,0,End Session
2023-01-30 09:30:12.057259,1,pcoc,22,20,1,3061,6122,3097,0,0,RESTART PROGRAM
2023-01-30 09:36:23.362597,1,pcoc,25,22,1,3061,6122,3097,0,0,"Portal Web Loaded, Go to Page"
2023-01-30 21:59:56.312498,1,pcoc,25,22,1,3061,6122,3097,0,0,Check Expired session in FIND LAST PAGE MINED
2023-02-03 07:21:12.384289,1,pcoc,25,22,1,3061,6122,3097,0,0,RESTART PROGRAM
2023-02-03 07:21:53.199468,1,pcoc,26,22,1,3061,6122,3097,0,0,"Portal Web Loaded, Go to Page"
2023-02-03 07:28:44.455557,1,pcoc,26,22,1,3061,6122,3097,0,0,Check Expired session in FIND LAST PAGE MINED
2023-02-03 07:28:50.490195,1,pcoc,26,22,1,3061,6122,3097,0,0,Resume Mining
2023-02-03 08:06:43.961710,1,pcoc,26,22,1,3061,6122,3268,9080,7,Saved Data
2023-02-03 08:09:24.176530,1,pcoc,26,22,1,3061,6122,3268,0,0,Check Expired session in FIND LAST PAGE DETAIL MINED
2023-02-03 08:09:24.297093,1,pcoc,26,22,2,3061,6122,3268,0,0,Expired session
2023-02-03 08:09:54.307889,1,pcoc,26,22,2,3061,6122,3268,0,0,Fail Click
2023-02-03 08:09:54.321402,1,pcoc,26,22,2,3061,6122,3268,0,0,End Session
2023-02-03 08:10:14.622240,1,pcoc,26,22,2,3061,6122,3268,0,0,RESTART PROGRAM
2023-02-03 08:10:56.711529,1,pcoc,27,22,2,3061,6122,3268,0,0,"Portal Web Loaded, Go to Page"
2023-02-03 08:11:31.958495,1,pcoc,27,22,2,3061,6122,3268,0,0,Check Expired session in FIND LAST PAGE MINED
2023-02-03 08:11:32.065509,1,pcoc,27,23,2,3061,6122,3268,0,0,falied session
2023-02-03 08:11:34.525131,1,pcoc,27,23,2,3061,6122,3268,0,0,RESTART PROGRAM
2023-02-03 08:12:08.204257,1,pcoc,28,23,2,3061,6122,3268,0,0,"Portal Web Loaded, Go to Page"
2023-02-03 08:12:43.513642,1,pcoc,28,23,2,3061,6122,3268,0,0,Check Expired session in FIND LAST PAGE MINED
2023-02-03 08:12:43.606645,1,pcoc,28,24,2,3061,6122,3268,0,0,falied session
2023-02-03 08:12:45.987289,1,pcoc,28,24,2,3061,6122,3268,0,0,RESTART PROGRAM
2023-02-03 08:13:27.263582,1,pcoc,29,24,2,3061,6122,3268,0,0,"Portal Web Loaded, Go to Page"
2023-02-03 08:14:02.507306,1,pcoc,29,24,2,3061,6122,3268,0,0,Check Expired session in FIND LAST PAGE MINED
2023-02-03 08:14:02.585433,1,pcoc,29,25,2,3061,6122,3268,0,0,falied session
2023-02-03 08:14:04.927701,1,pcoc,29,25,2,3061,6122,3268,0,0,RESTART PROGRAM
2023-02-03 08:14:52.323877,1,pcoc,30,25,2,3061,6122,3268,0,0,"Portal Web Loaded, Go to Page"
2023-02-03 08:15:27.491883,1,pcoc,30,25,2,3061,6122,3268,0,0,Check Expired session in FIND LAST PAGE MINED
2023-02-03 08:15:27.554383,1,pcoc,30,26,2,3061,6122,3268,0,0,falied session
2023-02-03 08:15:29.811958,1,pcoc,30,26,2,3061,6122,3268,0,0,RESTART PROGRAM
2023-02-03 08:16:12.529878,1,pcoc,31,26,2,3061,6122,3268,0,0,"Portal Web Loaded, Go to Page"
2023-02-03 08:16:47.756545,1,pcoc,31,26,2,3061,6122,3268,0,0,Check Expired session in FIND LAST PAGE MINED
2023-02-03 08:16:47.819010,1,pcoc,31,27,2,3061,6122,3268,0,0,falied session
2023-02-03 08:16:50.823047,1,pcoc,31,27,2,3061,6122,3268,0,0,RESTART PROGRAM
2023-02-03 08:17:26.776004,1,pcoc,32,27,2,3061,6122,3268,0,0,"Portal Web Loaded, Go to Page"
2023-02-03 08:18:02.279983,1,pcoc,32,27,2,3061,6122,3268,0,0,Check Expired session in FIND LAST PAGE MINED
2023-02-03 08:18:02.387983,1,pcoc,32,28,2,3061,6122,3268,0,0,falied session
2023-02-03 08:18:04.648866,1,pcoc,32,28,2,3061,6122,3268,0,0,RESTART PROGRAM
2023-02-03 08:18:36.612622,1,pcoc,33,28,2,3061,6122,3268,0,0,"Portal Web Loaded, Go to Page"
2023-02-03 08:19:11.806880,1,pcoc,33,28,2,3061,6122,3268,0,0,Check Expired session in FIND LAST PAGE MINED
2023-02-03 08:19:13.059959,1,pcoc,33,29,2,3061,6122,3268,0,0,falied session
2023-02-03 08:19:21.710228,1,pcoc,33,29,2,3061,6122,3268,0,0,RESTART PROGRAM
2023-02-03 08:20:00.291736,1,pcoc,34,29,2,3061,6122,3268,0,0,"Portal Web Loaded, Go to Page"
2023-02-03 08:20:35.516960,1,pcoc,34,29,2,3061,6122,3268,0,0,Check Expired session in FIND LAST PAGE MINED
2023-02-03 08:20:35.588855,1,pcoc,34,30,2,3061,6122,3268,0,0,falied session
2023-02-03 08:20:38.039101,1,pcoc,34,30,2,3061,6122,3268,0,0,RESTART PROGRAM
2023-02-03 08:21:15.673116,1,pcoc,35,30,2,3061,6122,3268,0,0,"Portal Web Loaded, Go to Page"
2023-02-03 08:21:51.039780,1,pcoc,35,30,2,3061,6122,3268,0,0,Check Expired session in FIND LAST PAGE MINED
2023-02-03 08:21:52.598730,1,pcoc,35,31,2,3061,6122,3268,0,0,falied session
2023-02-03 08:21:55.465340,1,pcoc,35,31,2,3061,6122,3268,0,0,RESTART PROGRAM
2023-02-03 08:22:38.631320,1,pcoc,36,31,2,3061,6122,3268,0,0,"Portal Web Loaded, Go to Page"
2023-02-03 08:23:13.934458,1,pcoc,36,31,2,3061,6122,3268,0,0,Check Expired session in FIND LAST PAGE MINED
2023-02-03 08:23:14.008460,1,pcoc,36,32,2,3061,6122,3268,0,0,falied session
2023-02-03 08:23:16.534353,1,pcoc,36,32,2,3061,6122,3268,0,0,RESTART PROGRAM
2023-02-03 08:23:55.557928,1,pcoc,37,32,2,3061,6122,3268,0,0,"Portal Web Loaded, Go to Page"
2023-02-03 08:24:32.980437,1,pcoc,37,32,2,3061,6122,3268,0,0,Check Expired session in FIND LAST PAGE MINED
2023-02-03 08:24:34.101125,1,pcoc,37,33,2,3061,6122,3268,0,0,falied session
2023-02-03 08:24:38.072214,1,pcoc,37,33,2,3061,6122,3268,0,0,RESTART PROGRAM
2023-02-03 08:25:35.705376,1,pcoc,38,33,2,3061,6122,3268,0,0,"Portal Web Loaded, Go to Page"
2023-02-03 08:26:13.091890,1,pcoc,38,33,2,3061,6122,3268,0,0,Check Expired session in FIND LAST PAGE MINED
2023-02-03 08:26:13.965818,1,pcoc,38,34,2,3061,6122,3268,0,0,falied session
2023-02-03 08:26:18.268072,1,pcoc,38,34,2,3061,6122,3268,0,0,RESTART PROGRAM
2023-02-03 08:27:39.385261,1,pcoc,40,35,2,3061,6122,3268,0,0,"Portal Web Loaded, Go to Page"
2023-02-03 08:28:16.612717,1,pcoc,40,35,2,3061,6122,3268,0,0,Check Expired session in FIND LAST PAGE MINED
2023-02-03 08:28:17.759301,1,pcoc,40,36,2,3061,6122,3268,0,0,falied session
2023-02-03 08:28:22.293276,1,pcoc,40,36,2,3061,6122,3268,0,0,RESTART PROGRAM
2023-02-03 08:29:19.708698,1,pcoc,41,36,2,3061,6122,3268,0,0,"Portal Web Loaded, Go to Page"
2023-02-03 08:30:02.156926,1,pcoc,41,36,2,3061,6122,3268,0,0,Check Expired session in FIND LAST PAGE MINED
2023-02-03 08:30:02.241931,1,pcoc,41,37,2,3061,6122,3268,0,0,falied session
2023-02-03 08:30:05.181206,1,pcoc,41,37,2,3061,6122,3268,0,0,RESTART PROGRAM
2023-02-03 08:30:45.340303,1,pcoc,42,37,2,3061,6122,3268,0,0,"Portal Web Loaded, Go to Page"
2023-02-03 08:31:20.597845,1,pcoc,42,37,2,3061,6122,3268,0,0,Check Expired session in FIND LAST PAGE MINED
2023-02-03 08:31:20.738443,1,pcoc,42,38,2,3061,6122,3268,0,0,falied session
2023-02-03 08:31:24.149437,1,pcoc,42,38,2,3061,6122,3268,0,0,RESTART PROGRAM
2023-02-03 08:32:05.121628,1,pcoc,43,38,2,3061,6122,3268,0,0,"Portal Web Loaded, Go to Page"
2023-02-03 08:32:40.361861,1,pcoc,43,38,2,3061,6122,3268,0,0,Check Expired session in FIND LAST PAGE MINED
2023-02-03 08:32:40.502887,1,pcoc,43,39,2,3061,6122,3268,0,0,falied session
2023-02-03 08:32:44.079086,1,pcoc,43,39,2,3061,6122,3268,0,0,RESTART PROGRAM
2023-02-03 08:33:29.737854,1,pcoc,44,39,2,3061,6122,3268,0,0,"Portal Web Loaded, Go to Page"
2023-02-03 08:34:05.059844,1,pcoc,44,39,2,3061,6122,3268,0,0,Check Expired session in FIND LAST PAGE MINED
2023-02-03 08:34:05.184844,1,pcoc,44,40,2,3061,6122,3268,0,0,falied session
2023-02-03 08:34:10.755561,1,pcoc,44,40,2,3061,6122,3268,0,0,RESTART PROGRAM
2023-02-03 08:35:04.082792,1,pcoc,45,40,2,3061,6122,3268,0,0,"Portal Web Loaded, Go to Page"
2023-02-03 08:35:39.650179,1,pcoc,45,40,2,3061,6122,3268,0,0,Check Expired session in FIND LAST PAGE MINED
2023-02-03 08:35:39.744000,1,pcoc,45,41,2,3061,6122,3268,0,0,falied session
2023-02-03 08:35:43.141209,1,pcoc,45,41,2,3061,6122,3268,0,0,RESTART PROGRAM
2023-02-03 08:36:27.395413,1,pcoc,46,41,2,3061,6122,3268,0,0,"Portal Web Loaded, Go to Page"
2023-02-03 08:37:02.784772,1,pcoc,46,41,2,3061,6122,3268,0,0,Check Expired session in FIND LAST PAGE MINED
2023-02-03 08:37:02.847136,1,pcoc,46,42,2,3061,6122,3268,0,0,falied session
2023-02-03 08:37:06.701538,1,pcoc,46,42,2,3061,6122,3268,0,0,RESTART PROGRAM
2023-02-03 08:37:45.435168,1,pcoc,47,42,2,3061,6122,3268,0,0,"Portal Web Loaded, Go to Page"
2023-02-03 08:38:20.764940,1,pcoc,47,42,2,3061,6122,3268,0,0,Check Expired session in FIND LAST PAGE MINED
2023-02-03 08:38:20.811684,1,pcoc,47,43,2,3061,6122,3268,0,0,falied session
2023-02-03 08:38:23.050826,1,pcoc,47,43,2,3061,6122,3268,0,0,RESTART PROGRAM
2023-02-03 08:39:05.651731,1,pcoc,48,43,2,3061,6122,3268,0,0,"Portal Web Loaded, Go to Page"
2023-02-03 08:39:40.906647,1,pcoc,48,43,2,3061,6122,3268,0,0,Check Expired session in FIND LAST PAGE MINED
2023-02-03 08:39:40.964960,1,pcoc,48,44,2,3061,6122,3268,0,0,falied session
2023-02-03 08:39:44.773118,1,pcoc,48,44,2,3061,6122,3268,0,0,RESTART PROGRAM
2023-02-03 08:40:28.934659,1,pcoc,49,44,2,3061,6122,3268,0,0,"Portal Web Loaded, Go to Page"
2023-02-03 08:41:04.207452,1,pcoc,49,44,2,3061,6122,3268,0,0,Check Expired session in FIND LAST PAGE MINED
2023-02-03 08:41:04.295712,1,pcoc,49,45,2,3061,6122,3268,0,0,falied session
2023-02-03 08:41:06.926942,1,pcoc,49,45,2,3061,6122,3268,0,0,RESTART PROGRAM
2023-02-03 08:41:43.890985,1,pcoc,50,45,2,3061,6122,3268,0,0,"Portal Web Loaded, Go to Page"
2023-02-03 08:42:19.313554,1,pcoc,50,45,2,3061,6122,3268,0,0,Check Expired session in FIND LAST PAGE MINED
2023-02-03 08:42:19.410776,1,pcoc,50,46,2,3061,6122,3268,0,0,falied session
2023-02-03 08:42:21.782747,1,pcoc,50,46,2,3061,6122,3268,0,0,RESTART PROGRAM
2023-02-03 08:43:05.057734,1,pcoc,51,46,2,3061,6122,3268,0,0,"Portal Web Loaded, Go to Page"
2023-02-03 08:43:40.380851,1,pcoc,51,46,2,3061,6122,3268,0,0,Check Expired session in FIND LAST PAGE MINED
2023-02-03 08:43:40.561851,1,pcoc,51,47,2,3061,6122,3268,0,0,falied session
2023-02-03 08:43:44.106127,1,pcoc,51,47,2,3061,6122,3268,0,0,RESTART PROGRAM
2023-02-03 08:46:13.146539,1,pcoc,53,48,2,3061,6122,3268,0,0,"Portal Web Loaded, Go to Page"
2023-02-03 08:46:48.345097,1,pcoc,53,48,2,3061,6122,3268,0,0,Check Expired session in FIND LAST PAGE MINED
2023-02-03 08:46:48.444643,1,pcoc,53,49,2,3061,6122,3268,0,0,falied session
2023-02-03 08:46:50.863416,1,pcoc,53,49,2,3061,6122,3268,0,0,RESTART PROGRAM
2023-02-03 08:47:57.271180,1,pcoc,54,49,2,3061,6122,3268,0,0,"Portal Web Loaded, Go to Page"
2023-02-03 08:48:32.637294,1,pcoc,54,49,2,3061,6122,3268,0,0,Check Expired session in FIND LAST PAGE MINED
2023-02-03 08:48:37.362114,1,pcoc,54,50,2,3061,6122,3268,0,0,falied session
2023-02-03 08:48:52.116000,1,pcoc,54,50,2,3061,6122,3268,0,0,RESTART PROGRAM
2023-02-03 08:49:49.475655,1,pcoc,55,50,2,3061,6122,3268,0,0,"Portal Web Loaded, Go to Page"
2023-02-03 08:50:24.764180,1,pcoc,55,50,2,3061,6122,3268,0,0,Check Expired session in FIND LAST PAGE MINED
2023-02-03 08:50:24.822500,1,pcoc,55,51,2,3061,6122,3268,0,0,falied session
2023-02-03 08:50:27.261615,1,pcoc,55,51,2,3061,6122,3268,0,0,RESTART PROGRAM
2023-02-03 08:51:31.844775,1,pcoc,57,52,2,3061,6122,3268,0,0,"Portal Web Loaded, Go to Page"
2023-02-03 08:52:07.140724,1,pcoc,57,52,2,3061,6122,3268,0,0,Check Expired session in FIND LAST PAGE MINED
2023-02-03 08:52:07.257720,1,pcoc,57,53,2,3061,6122,3268,0,0,falied session
2023-02-03 08:52:11.816151,1,pcoc,57,53,2,3061,6122,3268,0,0,RESTART PROGRAM
2023-02-03 08:52:59.561550,1,pcoc,58,53,2,3061,6122,3268,0,0,"Portal Web Loaded, Go to Page"
2023-02-03 08:53:34.785294,1,pcoc,58,53,2,3061,6122,3268,0,0,Check Expired session in FIND LAST PAGE MINED
2023-02-03 08:53:34.847800,1,pcoc,58,54,2,3061,6122,3268,0,0,falied session
2023-02-03 08:53:38.468401,1,pcoc,58,54,2,3061,6122,3268,0,0,RESTART PROGRAM
2023-02-03 08:54:25.217527,1,pcoc,59,54,2,3061,6122,3268,0,0,"Portal Web Loaded, Go to Page"
2023-02-03 08:55:00.553306,1,pcoc,59,54,2,3061,6122,3268,0,0,Check Expired session in FIND LAST PAGE MINED
2023-02-03 08:55:00.693882,1,pcoc,59,55,2,3061,6122,3268,0,0,falied session
2023-02-03 08:55:03.270304,1,pcoc,59,55,2,3061,6122,3268,0,0,RESTART PROGRAM
2023-02-03 08:56:00.961559,1,pcoc,60,55,2,3061,6122,3268,0,0,"Portal Web Loaded, Go to Page"
2023-02-03 09:46:02.530766,1,pcoc,60,55,2,3061,6122,3268,0,0,Check Expired session in FIND LAST PAGE MINED
2023-02-03 09:46:02.591975,1,pcoc,60,55,3,3061,6122,3268,0,0,Expired session
2023-02-03 09:46:05.273944,1,pcoc,60,55,3,3061,6122,3268,0,0,RESTART PROGRAM
2023-02-03 09:55:01.712040,1,pcoc,65,59,3,3061,6122,3268,0,0,"Portal Web Loaded, Go to Page"
2023-02-03 09:55:37.043465,1,pcoc,65,59,3,3061,6122,3268,0,0,Check Expired session in FIND LAST PAGE MINED
2023-02-03 09:55:37.132467,1,pcoc,65,60,3,3061,6122,3268,0,0,falied session
2023-02-03 09:55:40.093119,1,pcoc,65,60,3,3061,6122,3268,0,0,RESTART PROGRAM
2023-02-03 09:58:38.124322,1,pcoc,68,62,3,3061,6122,3268,0,0,"Portal Web Loaded, Go to Page"
2023-02-03 09:59:13.386035,1,pcoc,68,62,3,3061,6122,3268,0,0,Check Expired session in FIND LAST PAGE MINED
2023-02-03 09:59:13.476028,1,pcoc,68,63,3,3061,6122,3268,0,0,falied session
2023-02-03 09:59:15.797553,1,pcoc,68,63,3,3061,6122,3268,0,0,RESTART PROGRAM
2023-02-03 10:05:54.224179,1,pcoc,72,66,3,3061,6122,3268,0,0,"Portal Web Loaded, Go to Page"
2023-02-03 10:06:29.476608,1,pcoc,72,66,3,3061,6122,3268,0,0,Check Expired session in FIND LAST PAGE MINED
2023-02-03 10:06:29.551925,1,pcoc,72,67,3,3061,6122,3268,0,0,falied session
2023-02-03 10:06:31.810807,1,pcoc,72,67,3,3061,6122,3268,0,0,RESTART PROGRAM
2023-02-03 10:13:14.436475,1,pcoc,76,70,3,3061,6122,3268,0,0,"Portal Web Loaded, Go to Page"
2023-02-03 10:13:49.771511,1,pcoc,76,70,3,3061,6122,3268,0,0,Check Expired session in FIND LAST PAGE MINED
2023-02-03 10:13:51.932809,1,pcoc,76,71,3,3061,6122,3268,0,0,falied session
2023-02-03 10:13:54.340061,1,pcoc,76,71,3,3061,6122,3268,0,0,RESTART PROGRAM
2023-02-03 10:16:36.834879,1,pcoc,77,71,3,3061,6122,3268,0,0,"Portal Web Loaded, Go to Page"
2023-02-03 10:17:12.163236,1,pcoc,77,71,3,3061,6122,3268,0,0,Check Expired session in FIND LAST PAGE MINED
2023-02-03 10:17:12.230988,1,pcoc,77,72,3,3061,6122,3268,0,0,falied session
2023-02-03 10:17:14.531198,1,pcoc,77,72,3,3061,6122,3268,0,0,RESTART PROGRAM
2023-02-03 10:20:34.150445,1,pcoc,79,73,3,3061,6122,3268,0,0,"Portal Web Loaded, Go to Page"
2023-02-03 10:21:09.506735,1,pcoc,79,73,3,3061,6122,3268,0,0,Check Expired session in FIND LAST PAGE MINED
2023-02-03 10:21:09.598710,1,pcoc,79,74,3,3061,6122,3268,0,0,falied session
2023-02-03 10:21:11.918577,1,pcoc,79,74,3,3061,6122,3268,0,0,RESTART PROGRAM
2023-02-03 10:24:46.700084,1,pcoc,81,75,3,3061,6122,3268,0,0,"Portal Web Loaded, Go to Page"
2023-02-03 10:25:22.200646,1,pcoc,81,75,3,3061,6122,3268,0,0,Check Expired session in FIND LAST PAGE MINED
2023-02-03 10:25:22.415427,1,pcoc,81,76,3,3061,6122,3268,0,0,falied session
2023-02-03 10:25:24.853200,1,pcoc,81,76,3,3061,6122,3268,0,0,RESTART PROGRAM
2023-02-03 10:28:08.837503,1,pcoc,83,77,3,3061,6122,3268,0,0,"Portal Web Loaded, Go to Page"
2023-02-03 10:28:44.284370,1,pcoc,83,77,3,3061,6122,3268,0,0,Check Expired session in FIND LAST PAGE MINED
2023-02-03 10:28:44.632984,1,pcoc,83,78,3,3061,6122,3268,0,0,falied session
2023-02-03 10:28:47.742773,1,pcoc,83,78,3,3061,6122,3268,0,0,RESTART PROGRAM
2023-02-03 10:30:13.514637,1,pcoc,84,78,3,3061,6122,3268,0,0,"Portal Web Loaded, Go to Page"
2023-02-03 10:30:48.978226,1,pcoc,84,78,3,3061,6122,3268,0,0,Check Expired session in FIND LAST PAGE MINED
2023-02-03 10:30:49.182227,1,pcoc,84,79,3,3061,6122,3268,0,0,falied session
2023-02-03 10:30:51.656453,1,pcoc,84,79,3,3061,6122,3268,0,0,RESTART PROGRAM
2023-02-03 10:31:32.894437,1,pcoc,85,79,3,3061,6122,3268,0,0,"Portal Web Loaded, Go to Page"
2023-02-03 10:32:08.377918,1,pcoc,85,79,3,3061,6122,3268,0,0,Check Expired session in FIND LAST PAGE MINED
2023-02-03 10:32:08.602740,1,pcoc,85,80,3,3061,6122,3268,0,0,falied session
2023-02-03 10:32:11.176316,1,pcoc,85,80,3,3061,6122,3268,0,0,RESTART PROGRAM
2023-02-03 10:34:00.762517,1,pcoc,86,80,3,3061,6122,3268,0,0,"Portal Web Loaded, Go to Page"
2023-02-03 10:34:36.584217,1,pcoc,86,80,3,3061,6122,3268,0,0,Check Expired session in FIND LAST PAGE MINED
2023-02-03 10:34:36.760484,1,pcoc,86,81,3,3061,6122,3268,0,0,falied session
2023-02-03 10:34:39.329574,1,pcoc,86,81,3,3061,6122,3268,0,0,RESTART PROGRAM
2023-02-03 10:35:18.172144,1,pcoc,87,81,3,3061,6122,3268,0,0,"Portal Web Loaded, Go to Page"
2023-02-03 10:35:53.837135,1,pcoc,87,81,3,3061,6122,3268,0,0,Check Expired session in FIND LAST PAGE MINED
2023-02-03 10:35:54.111578,1,pcoc,87,82,3,3061,6122,3268,0,0,falied session
2023-02-03 10:35:57.280179,1,pcoc,87,82,3,3061,6122,3268,0,0,RESTART PROGRAM
2023-02-03 10:37:18.139250,1,pcoc,88,82,3,3061,6122,3268,0,0,"Portal Web Loaded, Go to Page"
2023-02-03 10:37:53.729595,1,pcoc,88,82,3,3061,6122,3268,0,0,Check Expired session in FIND LAST PAGE MINED
2023-02-03 10:37:53.823598,1,pcoc,88,83,3,3061,6122,3268,0,0,falied session
2023-02-03 10:37:56.715763,1,pcoc,88,83,3,3061,6122,3268,0,0,RESTART PROGRAM
2023-02-03 10:38:53.317066,1,pcoc,89,83,3,3061,6122,3268,0,0,"Portal Web Loaded, Go to Page"
2023-02-03 10:39:28.887035,1,pcoc,89,83,3,3061,6122,3268,0,0,Check Expired session in FIND LAST PAGE MINED
2023-02-03 10:39:28.981945,1,pcoc,89,84,3,3061,6122,3268,0,0,falied session
2023-02-03 10:39:31.963688,1,pcoc,89,84,3,3061,6122,3268,0,0,RESTART PROGRAM
2023-02-03 10:40:49.210490,1,pcoc,90,84,3,3061,6122,3268,0,0,"Portal Web Loaded, Go to Page"
2023-02-03 10:41:24.500084,1,pcoc,90,84,3,3061,6122,3268,0,0,Check Expired session in FIND LAST PAGE MINED
2023-02-03 10:41:24.593086,1,pcoc,90,85,3,3061,6122,3268,0,0,falied session
2023-02-03 10:41:26.897006,1,pcoc,90,85,3,3061,6122,3268,0,0,RESTART PROGRAM
2023-02-03 10:42:03.388524,1,pcoc,91,85,3,3061,6122,3268,0,0,"Portal Web Loaded, Go to Page"
2023-02-03 10:42:38.754956,1,pcoc,91,85,3,3061,6122,3268,0,0,Check Expired session in FIND LAST PAGE MINED
2023-02-03 10:42:38.865074,1,pcoc,91,86,3,3061,6122,3268,0,0,falied session
2023-02-03 10:42:42.372895,1,pcoc,91,86,3,3061,6122,3268,0,0,RESTART PROGRAM
2023-02-03 10:43:18.490734,1,pcoc,92,86,3,3061,6122,3268,0,0,"Portal Web Loaded, Go to Page"
2023-02-03 10:43:53.738839,1,pcoc,92,86,3,3061,6122,3268,0,0,Check Expired session in FIND LAST PAGE MINED
2023-02-03 10:43:53.837840,1,pcoc,92,87,3,3061,6122,3268,0,0,falied session
2023-02-03 10:43:56.162475,1,pcoc,92,87,3,3061,6122,3268,0,0,RESTART PROGRAM
2023-02-03 10:44:41.180715,1,pcoc,93,87,3,3061,6122,3268,0,0,"Portal Web Loaded, Go to Page"
2023-02-03 10:45:16.391536,1,pcoc,93,87,3,3061,6122,3268,0,0,Check Expired session in FIND LAST PAGE MINED
2023-02-03 10:45:16.472207,1,pcoc,93,88,3,3061,6122,3268,0,0,falied session
2023-02-03 10:45:19.727216,1,pcoc,93,88,3,3061,6122,3268,0,0,RESTART PROGRAM
2023-02-03 10:46:14.611171,1,pcoc,94,88,3,3061,6122,3268,0,0,"Portal Web Loaded, Go to Page"
2023-02-03 10:47:02.454328,1,pcoc,94,88,3,3061,6122,3268,0,0,Check Expired session in FIND LAST PAGE MINED
2023-02-03 23:13:06.543779,1,pcoc,94,88,3,3061,6122,3268,0,0,RESTART PROGRAM
2023-02-03 23:16:40.817098,1,pcoc,98,91,3,3061,6122,3268,0,0,"Portal Web Loaded, Go to Page"
2023-02-03 23:17:16.243731,1,pcoc,98,91,3,3061,6122,3268,0,0,Check Expired session in FIND LAST PAGE MINED
2023-02-03 23:17:16.403731,1,pcoc,98,92,3,3061,6122,3268,0,0,falied session
2023-02-03 23:17:36.444834,1,pcoc,98,92,3,3061,6122,3268,0,0,RESTART PROGRAM
2023-02-03 23:19:26.229983,1,pcoc,99,92,3,3061,6122,3268,0,0,"Portal Web Loaded, Go to Page"
2023-02-03 23:20:01.586031,1,pcoc,99,92,3,3061,6122,3268,0,0,Check Expired session in FIND LAST PAGE MINED
2023-02-03 23:20:02.287894,1,pcoc,99,93,3,3061,6122,3268,0,0,falied session
2023-02-03 23:20:17.351137,1,pcoc,99,93,3,3061,6122,3268,0,0,RESTART PROGRAM
2023-02-03 23:21:24.448732,1,pcoc,100,93,3,3061,6122,3268,0,0,"Portal Web Loaded, Go to Page"
2023-02-03 23:22:00.194886,1,pcoc,100,93,3,3061,6122,3268,0,0,Check Expired session in FIND LAST PAGE MINED
2023-02-03 23:22:00.329456,1,pcoc,100,94,3,3061,6122,3268,0,0,falied session
2023-02-03 23:22:05.357706,1,pcoc,100,94,3,3061,6122,3268,0,0,RESTART PROGRAM
2023-02-03 23:22:57.036453,1,pcoc,101,94,3,3061,6122,3268,0,0,"Portal Web Loaded, Go to Page"
2023-02-03 23:23:32.521594,1,pcoc,101,94,3,3061,6122,3268,0,0,Check Expired session in FIND LAST PAGE MINED
2023-02-03 23:23:33.168825,1,pcoc,101,95,3,3061,6122,3268,0,0,falied session
2023-02-03 23:24:04.624677,1,pcoc,101,95,3,3061,6122,3268,0,0,RESTART PROGRAM
2023-02-03 23:25:04.066003,1,pcoc,102,95,3,3061,6122,3268,0,0,"Portal Web Loaded, Go to Page"
2023-02-03 23:25:39.647649,1,pcoc,102,95,3,3061,6122,3268,0,0,Check Expired session in FIND LAST PAGE MINED
2023-02-03 23:25:40.019648,1,pcoc,102,96,3,3061,6122,3268,0,0,falied session
2023-02-03 23:26:02.393655,1,pcoc,102,96,3,3061,6122,3268,0,0,RESTART PROGRAM
2023-02-03 23:27:20.906316,1,pcoc,103,96,3,3061,6122,3268,0,0,"Portal Web Loaded, Go to Page"
2023-02-03 23:27:57.371755,1,pcoc,103,96,3,3061,6122,3268,0,0,Check Expired session in FIND LAST PAGE MINED
2023-02-03 23:27:58.456753,1,pcoc,103,97,3,3061,6122,3268,0,0,falied session
2023-02-03 23:28:03.429784,1,pcoc,103,97,3,3061,6122,3268,0,0,RESTART PROGRAM
2023-02-03 23:29:25.085967,1,pcoc,104,97,3,3061,6122,3268,0,0,"Portal Web Loaded, Go to Page"
2023-02-03 23:30:00.539501,1,pcoc,104,97,3,3061,6122,3268,0,0,Check Expired session in FIND LAST PAGE MINED
2023-02-03 23:30:10.116952,1,pcoc,104,98,3,3061,6122,3268,0,0,falied session
2023-02-03 23:30:29.662430,1,pcoc,104,98,3,3061,6122,3268,0,0,RESTART PROGRAM
2023-02-03 23:32:37.031458,1,pcoc,106,99,3,3061,6122,3268,0,0,"Portal Web Loaded, Go to Page"
2023-02-03 23:33:12.769198,1,pcoc,106,99,3,3061,6122,3268,0,0,Check Expired session in FIND LAST PAGE MINED
2023-02-03 23:33:12.926203,1,pcoc,106,100,3,3061,6122,3268,0,0,falied session
2023-02-03 23:33:39.842641,1,pcoc,106,100,3,3061,6122,3268,0,0,RESTART PROGRAM
2023-02-03 23:38:59.457193,1,pcoc,110,103,3,3061,6122,3268,0,0,"Portal Web Loaded, Go to Page"
2023-02-03 23:39:34.751653,1,pcoc,110,103,3,3061,6122,3268,0,0,Check Expired session in FIND LAST PAGE MINED
2023-02-03 23:39:34.972930,1,pcoc,110,104,3,3061,6122,3268,0,0,falied session
2023-02-03 23:39:51.878871,1,pcoc,110,104,3,3061,6122,3268,0,0,RESTART PROGRAM
2023-02-03 23:41:47.658863,1,pcoc,111,104,3,3061,6122,3268,0,0,"Portal Web Loaded, Go to Page"
2023-02-03 23:42:23.183613,1,pcoc,111,104,3,3061,6122,3268,0,0,Check Expired session in FIND LAST PAGE MINED
2023-02-03 23:42:23.372612,1,pcoc,111,105,3,3061,6122,3268,0,0,falied session
2023-02-03 23:42:27.264618,1,pcoc,111,105,3,3061,6122,3268,0,0,RESTART PROGRAM
2023-02-03 23:44:15.751747,1,pcoc,112,105,3,3061,6122,3268,0,0,"Portal Web Loaded, Go to Page"
2023-02-03 23:44:51.211076,1,pcoc,112,105,3,3061,6122,3268,0,0,Check Expired session in FIND LAST PAGE MINED
2023-02-03 23:44:51.431178,1,pcoc,112,106,3,3061,6122,3268,0,0,falied session
2023-02-03 23:44:56.146511,1,pcoc,112,106,3,3061,6122,3268,0,0,RESTART PROGRAM
2023-02-03 23:46:14.628640,1,pcoc,113,106,3,3061,6122,3268,0,0,"Portal Web Loaded, Go to Page"
2023-02-03 23:46:50.175023,1,pcoc,113,106,3,3061,6122,3268,0,0,Check Expired session in FIND LAST PAGE MINED
2023-02-03 23:46:50.474751,1,pcoc,113,107,3,3061,6122,3268,0,0,falied session
2023-02-03 23:46:55.921153,1,pcoc,113,107,3,3061,6122,3268,0,0,RESTART PROGRAM
2023-02-03 23:47:41.240179,1,pcoc,114,107,3,3061,6122,3268,0,0,"Portal Web Loaded, Go to Page"
2023-02-03 23:48:16.790482,1,pcoc,114,107,3,3061,6122,3268,0,0,Check Expired session in FIND LAST PAGE MINED
2023-02-03 23:48:16.932500,1,pcoc,114,108,3,3061,6122,3268,0,0,falied session
2023-02-03 23:48:20.529702,1,pcoc,114,108,3,3061,6122,3268,0,0,RESTART PROGRAM
2023-02-03 23:49:16.456365,1,pcoc,115,108,3,3061,6122,3268,0,0,"Portal Web Loaded, Go to Page"
2023-02-03 23:49:51.881120,1,pcoc,115,108,3,3061,6122,3268,0,0,Check Expired session in FIND LAST PAGE MINED
2023-02-03 23:49:52.315118,1,pcoc,115,109,3,3061,6122,3268,0,0,falied session
2023-02-03 23:50:01.640117,1,pcoc,115,109,3,3061,6122,3268,0,0,RESTART PROGRAM
2023-02-03 23:51:04.774498,1,pcoc,116,109,3,3061,6122,3268,0,0,"Portal Web Loaded, Go to Page"
2023-02-03 23:51:40.249553,1,pcoc,116,109,3,3061,6122,3268,0,0,Check Expired session in FIND LAST PAGE MINED
2023-02-03 23:51:40.667555,1,pcoc,116,110,3,3061,6122,3268,0,0,falied session
2023-02-03 23:51:45.636554,1,pcoc,116,110,3,3061,6122,3268,0,0,RESTART PROGRAM
2023-02-03 23:53:01.984027,1,pcoc,117,110,3,3061,6122,3268,0,0,"Portal Web Loaded, Go to Page"
2023-02-03 23:53:43.267553,1,pcoc,117,110,3,3061,6122,3268,0,0,Check Expired session in FIND LAST PAGE MINED
2023-02-03 23:53:43.458086,1,pcoc,117,111,3,3061,6122,3268,0,0,falied session
2023-02-03 23:53:46.349974,1,pcoc,117,111,3,3061,6122,3268,0,0,RESTART PROGRAM
2023-02-03 23:54:37.319225,1,pcoc,118,111,3,3061,6122,3268,0,0,"Portal Web Loaded, Go to Page"
2023-02-03 23:55:20.934007,1,pcoc,118,111,3,3061,6122,3268,0,0,Check Expired session in FIND LAST PAGE MINED
2023-02-03 23:55:21.191804,1,pcoc,118,112,3,3061,6122,3268,0,0,falied session
2023-02-03 23:55:25.796633,1,pcoc,118,112,3,3061,6122,3268,0,0,RESTART PROGRAM
2023-02-03 23:56:56.056630,1,pcoc,119,112,3,3061,6122,3268,0,0,"Portal Web Loaded, Go to Page"
2023-02-03 23:57:37.401337,1,pcoc,119,112,3,3061,6122,3268,0,0,Check Expired session in FIND LAST PAGE MINED
2023-02-03 23:57:37.693422,1,pcoc,119,113,3,3061,6122,3268,0,0,falied session
2023-02-03 23:58:10.644493,1,pcoc,119,113,3,3061,6122,3268,0,0,RESTART PROGRAM
2023-02-03 23:59:23.816379,1,pcoc,120,113,3,3061,6122,3268,0,0,"Portal Web Loaded, Go to Page"
2023-02-04 00:00:17.040780,1,pcoc,120,113,3,3061,6122,3268,0,0,Check Expired session in FIND LAST PAGE MINED
2023-02-04 00:00:17.160271,1,pcoc,120,114,3,3061,6122,3268,0,0,falied session
2023-02-04 00:00:44.305706,1,pcoc,120,114,3,3061,6122,3268,0,0,RESTART PROGRAM
2023-02-04 00:02:26.452743,1,pcoc,122,115,3,3061,6122,3268,0,0,"Portal Web Loaded, Go to Page"
2023-02-04 00:03:10.959109,1,pcoc,122,115,3,3061,6122,3268,0,0,Check Expired session in FIND LAST PAGE MINED
2023-02-04 00:03:11.063107,1,pcoc,122,116,3,3061,6122,3268,0,0,falied session
2023-02-04 00:03:15.085408,1,pcoc,122,116,3,3061,6122,3268,0,0,RESTART PROGRAM
2023-02-04 00:06:37.614459,1,pcoc,123,116,3,3061,6122,3268,0,0,"Portal Web Loaded, Go to Page"
2023-02-04 00:07:12.994347,1,pcoc,123,116,3,3061,6122,3268,0,0,Check Expired session in FIND LAST PAGE MINED
2023-02-04 00:07:37.885090,1,pcoc,123,117,3,3061,6122,3268,0,0,falied session
2023-02-08 01:51:16.029815,1,pcoc,123,117,3,3061,6122,3268,0,0,RESTART PROGRAM
2023-02-08 01:52:33.415762,1,pcoc,124,117,3,3061,6122,3268,0,0,"Portal Web Loaded, Go to Page"
2023-02-08 01:53:18.134645,1,pcoc,124,117,3,3061,6122,3268,0,0,Check Expired session in FIND LAST PAGE MINED
2023-02-08 01:53:18.252948,1,pcoc,124,118,3,3061,6122,3268,0,0,falied session
2023-02-08 01:53:24.973145,1,pcoc,124,118,3,3061,6122,3268,0,0,RESTART PROGRAM
2023-02-08 01:54:04.822486,1,pcoc,125,118,3,3061,6122,3268,0,0,"Portal Web Loaded, Go to Page"
2023-02-08 01:54:56.259298,1,pcoc,125,118,3,3061,6122,3268,0,0,Check Expired session in FIND LAST PAGE MINED
2023-02-08 01:54:56.359848,1,pcoc,125,119,3,3061,6122,3268,0,0,falied session
2023-02-08 01:54:58.754821,1,pcoc,125,119,3,3061,6122,3268,0,0,RESTART PROGRAM
2023-02-08 01:55:30.099327,1,pcoc,126,119,3,3061,6122,3268,0,0,"Portal Web Loaded, Go to Page"
2023-02-08 01:56:05.308080,1,pcoc,126,119,3,3061,6122,3268,0,0,Check Expired session in FIND LAST PAGE MINED
2023-02-08 01:56:05.422196,1,pcoc,126,120,3,3061,6122,3268,0,0,falied session
2023-02-08 01:56:07.702773,1,pcoc,126,120,3,3061,6122,3268,0,0,RESTART PROGRAM
2023-02-08 01:56:40.444899,1,pcoc,127,120,3,3061,6122,3268,0,0,"Portal Web Loaded, Go to Page"
2023-02-08 01:57:32.315647,1,pcoc,127,120,3,3061,6122,3268,0,0,Check Expired session in FIND LAST PAGE MINED
2023-02-08 01:57:32.456299,1,pcoc,127,121,3,3061,6122,3268,0,0,falied session
2023-02-08 01:57:34.763361,1,pcoc,127,121,3,3061,6122,3268,0,0,RESTART PROGRAM
2023-02-08 01:58:10.423213,1,pcoc,128,121,3,3061,6122,3268,0,0,"Portal Web Loaded, Go to Page"
2023-02-08 01:58:45.739131,1,pcoc,128,121,3,3061,6122,3268,0,0,Check Expired session in FIND LAST PAGE MINED
2023-02-08 01:58:45.832889,1,pcoc,128,122,3,3061,6122,3268,0,0,falied session
2023-02-08 01:58:51.482600,1,pcoc,128,122,3,3061,6122,3268,0,0,RESTART PROGRAM
2023-02-08 01:59:26.247482,1,pcoc,129,122,3,3061,6122,3268,0,0,"Portal Web Loaded, Go to Page"
2023-02-08 02:00:06.963505,1,pcoc,129,122,3,3061,6122,3268,0,0,Check Expired session in FIND LAST PAGE MINED
2023-02-08 02:00:07.041635,1,pcoc,129,123,3,3061,6122,3268,0,0,falied session
2023-02-08 02:00:09.199900,1,pcoc,129,123,3,3061,6122,3268,0,0,RESTART PROGRAM
2023-02-08 02:00:47.880307,1,pcoc,130,123,3,3061,6122,3268,0,0,"Portal Web Loaded, Go to Page"
2023-02-08 02:06:01.420313,1,pcoc,130,123,3,3061,6122,3268,0,0,Check Expired session in FIND LAST PAGE MINED
2023-02-08 02:06:21.144550,1,pcoc,130,123,3,3061,6122,3268,0,0,Resume Mining
2023-02-08 02:45:37.840749,1,pcoc,130,123,3,3061,6122,3429,12320,7,Saved Data
2023-02-08 02:48:18.442351,1,pcoc,130,123,3,3061,6122,3429,0,0,Check Expired session in FIND LAST PAGE DETAIL MINED
2023-02-08 02:48:18.489237,1,pcoc,130,123,4,3061,6122,3429,0,0,Expired session
2023-02-08 02:48:48.499437,1,pcoc,130,123,4,3061,6122,3429,0,0,Fail Click
2023-02-08 02:48:48.515023,1,pcoc,130,123,4,3061,6122,3429,0,0,End Session
2023-02-08 02:49:07.956411,1,pcoc,130,123,4,3061,6122,3429,0,0,RESTART PROGRAM
2023-02-08 02:49:53.627416,1,pcoc,131,123,4,3061,6122,3429,0,0,"Portal Web Loaded, Go to Page"
2023-02-08 02:50:28.927025,1,pcoc,131,123,4,3061,6122,3429,0,0,Check Expired session in FIND LAST PAGE MINED
2023-02-08 02:50:29.008017,1,pcoc,131,124,4,3061,6122,3429,0,0,falied session
2023-02-08 02:50:31.223018,1,pcoc,131,124,4,3061,6122,3429,0,0,RESTART PROGRAM
2023-02-08 02:51:11.722811,1,pcoc,132,124,4,3061,6122,3429,0,0,"Portal Web Loaded, Go to Page"
2023-02-08 02:51:46.947762,1,pcoc,132,124,4,3061,6122,3429,0,0,Check Expired session in FIND LAST PAGE MINED
2023-02-08 02:51:47.025763,1,pcoc,132,125,4,3061,6122,3429,0,0,falied session
2023-02-08 02:51:49.937956,1,pcoc,132,125,4,3061,6122,3429,0,0,RESTART PROGRAM
2023-02-08 02:52:36.928337,1,pcoc,133,125,4,3061,6122,3429,0,0,"Portal Web Loaded, Go to Page"
2023-02-08 02:53:12.121084,1,pcoc,133,125,4,3061,6122,3429,0,0,Check Expired session in FIND LAST PAGE MINED
2023-02-08 02:53:12.512205,1,pcoc,133,126,4,3061,6122,3429,0,0,falied session
2023-02-08 02:53:18.465505,1,pcoc,133,126,4,3061,6122,3429,0,0,RESTART PROGRAM
2023-02-08 02:54:05.878046,1,pcoc,134,126,4,3061,6122,3429,0,0,"Portal Web Loaded, Go to Page"
2023-02-08 02:54:41.251614,1,pcoc,134,126,4,3061,6122,3429,0,0,Check Expired session in FIND LAST PAGE MINED
2023-02-08 02:54:41.502612,1,pcoc,134,127,4,3061,6122,3429,0,0,falied session
2023-02-08 02:54:44.245614,1,pcoc,134,127,4,3061,6122,3429,0,0,RESTART PROGRAM
2023-02-08 02:55:41.404849,1,pcoc,135,127,4,3061,6122,3429,0,0,"Portal Web Loaded, Go to Page"
2023-02-08 02:56:16.617254,1,pcoc,135,127,4,3061,6122,3429,0,0,Check Expired session in FIND LAST PAGE MINED
2023-02-08 02:56:16.720665,1,pcoc,135,128,4,3061,6122,3429,0,0,falied session
2023-02-08 02:56:18.936162,1,pcoc,135,128,4,3061,6122,3429,0,0,RESTART PROGRAM
2023-02-08 02:57:10.552922,1,pcoc,136,128,4,3061,6122,3429,0,0,"Portal Web Loaded, Go to Page"
2023-02-08 02:57:45.888753,1,pcoc,136,128,4,3061,6122,3429,0,0,Check Expired session in FIND LAST PAGE MINED
2023-02-08 02:57:46.118756,1,pcoc,136,129,4,3061,6122,3429,0,0,falied session
2023-02-08 02:57:49.222750,1,pcoc,136,129,4,3061,6122,3429,0,0,RESTART PROGRAM
2023-02-08 02:58:42.341235,1,pcoc,137,129,4,3061,6122,3429,0,0,"Portal Web Loaded, Go to Page"
2023-02-08 02:59:17.577367,1,pcoc,137,129,4,3061,6122,3429,0,0,Check Expired session in FIND LAST PAGE MINED
2023-02-08 02:59:17.711404,1,pcoc,137,130,4,3061,6122,3429,0,0,falied session
2023-02-08 02:59:20.310551,1,pcoc,137,130,4,3061,6122,3429,0,0,RESTART PROGRAM
2023-02-08 03:00:09.654183,1,pcoc,138,130,4,3061,6122,3429,0,0,"Portal Web Loaded, Go to Page"
2023-02-08 03:00:45.035898,1,pcoc,138,130,4,3061,6122,3429,0,0,Check Expired session in FIND LAST PAGE MINED
2023-02-08 03:00:45.101892,1,pcoc,138,131,4,3061,6122,3429,0,0,falied session
2023-02-08 03:00:48.371349,1,pcoc,138,131,4,3061,6122,3429,0,0,RESTART PROGRAM
2023-02-08 03:01:35.113215,1,pcoc,139,131,4,3061,6122,3429,0,0,"Portal Web Loaded, Go to Page"
2023-02-08 03:02:10.652187,1,pcoc,139,131,4,3061,6122,3429,0,0,Check Expired session in FIND LAST PAGE MINED
2023-02-08 03:02:11.428195,1,pcoc,139,132,4,3061,6122,3429,0,0,falied session
2023-02-08 03:02:13.940557,1,pcoc,139,132,4,3061,6122,3429,0,0,RESTART PROGRAM
2023-02-08 03:02:51.879662,1,pcoc,140,132,4,3061,6122,3429,0,0,"Portal Web Loaded, Go to Page"
2023-02-08 03:03:27.136459,1,pcoc,140,132,4,3061,6122,3429,0,0,Check Expired session in FIND LAST PAGE MINED
2023-02-08 03:03:27.244462,1,pcoc,140,133,4,3061,6122,3429,0,0,falied session
2023-02-08 03:03:32.979463,1,pcoc,140,133,4,3061,6122,3429,0,0,RESTART PROGRAM
2023-02-08 03:04:12.977242,1,pcoc,141,133,4,3061,6122,3429,0,0,"Portal Web Loaded, Go to Page"
2023-02-08 03:04:48.288068,1,pcoc,141,133,4,3061,6122,3429,0,0,Check Expired session in FIND LAST PAGE MINED
2023-02-08 03:04:48.360028,1,pcoc,141,134,4,3061,6122,3429,0,0,falied session
2023-02-08 03:04:50.583338,1,pcoc,141,134,4,3061,6122,3429,0,0,RESTART PROGRAM
2023-02-08 03:05:40.457414,1,pcoc,142,134,4,3061,6122,3429,0,0,"Portal Web Loaded, Go to Page"
2023-02-08 03:06:15.781044,1,pcoc,142,134,4,3061,6122,3429,0,0,Check Expired session in FIND LAST PAGE MINED
2023-02-08 03:06:15.882042,1,pcoc,142,135,4,3061,6122,3429,0,0,falied session
2023-02-08 03:06:18.116098,1,pcoc,142,135,4,3061,6122,3429,0,0,RESTART PROGRAM
2023-02-08 03:07:18.881050,1,pcoc,143,135,4,3061,6122,3429,0,0,"Portal Web Loaded, Go to Page"
2023-02-08 03:07:54.168804,1,pcoc,143,135,4,3061,6122,3429,0,0,Check Expired session in FIND LAST PAGE MINED
2023-02-08 03:07:54.250764,1,pcoc,143,136,4,3061,6122,3429,0,0,falied session
2023-02-08 03:07:58.503084,1,pcoc,143,136,4,3061,6122,3429,0,0,RESTART PROGRAM
2023-02-08 03:08:49.895383,1,pcoc,144,136,4,3061,6122,3429,0,0,"Portal Web Loaded, Go to Page"
2023-02-08 03:09:25.165240,1,pcoc,144,136,4,3061,6122,3429,0,0,Check Expired session in FIND LAST PAGE MINED
2023-02-08 03:09:25.292241,1,pcoc,144,137,4,3061,6122,3429,0,0,falied session
2023-02-08 03:09:32.075641,1,pcoc,144,137,4,3061,6122,3429,0,0,RESTART PROGRAM
2023-02-08 03:10:27.718988,1,pcoc,145,137,4,3061,6122,3429,0,0,"Portal Web Loaded, Go to Page"
2023-02-08 03:11:03.002743,1,pcoc,145,137,4,3061,6122,3429,0,0,Check Expired session in FIND LAST PAGE MINED
2023-02-08 03:11:03.171738,1,pcoc,145,138,4,3061,6122,3429,0,0,falied session
2023-02-08 03:11:05.865739,1,pcoc,145,138,4,3061,6122,3429,0,0,RESTART PROGRAM
2023-02-08 03:11:54.520653,1,pcoc,146,138,4,3061,6122,3429,0,0,"Portal Web Loaded, Go to Page"
2023-02-08 03:12:29.761108,1,pcoc,146,138,4,3061,6122,3429,0,0,Check Expired session in FIND LAST PAGE MINED
2023-02-08 03:12:33.604623,1,pcoc,146,139,4,3061,6122,3429,0,0,falied session
2023-02-08 03:12:42.066198,1,pcoc,146,139,4,3061,6122,3429,0,0,RESTART PROGRAM
2023-02-08 03:17:08.033535,1,pcoc,147,139,4,3061,6122,3429,0,0,"Portal Web Loaded, Go to Page"
2023-02-08 03:17:43.475588,1,pcoc,147,139,4,3061,6122,3429,0,0,Check Expired session in FIND LAST PAGE MINED
2023-02-08 03:17:43.884306,1,pcoc,147,140,4,3061,6122,3429,0,0,falied session
2023-02-08 03:17:56.871553,1,pcoc,147,140,4,3061,6122,3429,0,0,RESTART PROGRAM
2023-02-08 03:21:27.459549,1,pcoc,148,140,4,3061,6122,3429,0,0,"Portal Web Loaded, Go to Page"
2023-02-08 03:22:03.981265,1,pcoc,148,140,4,3061,6122,3429,0,0,Check Expired session in FIND LAST PAGE MINED
2023-02-08 03:22:04.058383,1,pcoc,148,141,4,3061,6122,3429,0,0,falied session
2023-02-08 03:22:06.949698,1,pcoc,148,141,4,3061,6122,3429,0,0,RESTART PROGRAM
2023-02-08 03:23:46.487727,1,pcoc,149,141,4,3061,6122,3429,0,0,"Portal Web Loaded, Go to Page"
2023-02-08 03:24:21.747617,1,pcoc,149,141,4,3061,6122,3429,0,0,Check Expired session in FIND LAST PAGE MINED
2023-02-08 03:24:29.499988,1,pcoc,149,142,4,3061,6122,3429,0,0,falied session
2023-02-08 03:26:00.943533,1,pcoc,149,142,4,3061,6122,3429,0,0,RESTART PROGRAM
2023-02-08 03:27:08.610507,1,pcoc,150,142,4,3061,6122,3429,0,0,"Portal Web Loaded, Go to Page"
2023-02-08 03:27:43.909792,1,pcoc,150,142,4,3061,6122,3429,0,0,Check Expired session in FIND LAST PAGE MINED
2023-02-08 03:27:44.087772,1,pcoc,150,143,4,3061,6122,3429,0,0,falied session
2023-02-08 03:29:04.946155,1,pcoc,150,143,4,3061,6122,3429,0,0,RESTART PROGRAM
2023-02-08 03:31:15.093286,1,pcoc,151,143,4,3061,6122,3429,0,0,"Portal Web Loaded, Go to Page"
2023-02-08 03:38:22.956141,1,pcoc,151,143,4,3061,6122,3429,0,0,Check Expired session in FIND LAST PAGE MINED
2023-02-08 03:38:30.784292,1,pcoc,151,143,4,3061,6122,3429,0,0,Resume Mining
2023-02-08 04:16:13.846944,1,pcoc,151,143,4,3061,6122,3569,15140,7,Saved Data
2023-02-08 04:18:48.786946,1,pcoc,151,143,4,3061,6122,3569,0,0,Check Expired session in FIND LAST PAGE DETAIL MINED
2023-02-08 04:18:48.888796,1,pcoc,151,143,5,3061,6122,3569,0,0,Expired session
2023-02-08 04:19:18.917204,1,pcoc,151,143,5,3061,6122,3569,0,0,Fail Click
2023-02-08 04:19:18.932830,1,pcoc,151,143,5,3061,6122,3569,0,0,End Session
2023-02-08 04:19:38.583039,1,pcoc,151,143,5,3061,6122,3569,0,0,RESTART PROGRAM
2023-02-08 04:21:12.378782,1,pcoc,152,143,5,3061,6122,3569,0,0,"Portal Web Loaded, Go to Page"
2023-02-08 04:21:47.731804,1,pcoc,152,143,5,3061,6122,3569,0,0,Check Expired session in FIND LAST PAGE MINED
2023-02-08 04:21:47.802752,1,pcoc,152,144,5,3061,6122,3569,0,0,falied session
2023-02-08 04:21:51.438599,1,pcoc,152,144,5,3061,6122,3569,0,0,RESTART PROGRAM
2023-02-08 04:23:07.309645,1,pcoc,153,144,5,3061,6122,3569,0,0,"Portal Web Loaded, Go to Page"
2023-02-08 04:23:42.765031,1,pcoc,153,144,5,3061,6122,3569,0,0,Check Expired session in FIND LAST PAGE MINED
2023-02-08 04:23:42.811879,1,pcoc,153,145,5,3061,6122,3569,0,0,falied session
2023-02-08 04:23:44.975357,1,pcoc,153,145,5,3061,6122,3569,0,0,RESTART PROGRAM
2023-02-08 04:25:14.313479,1,pcoc,154,145,5,3061,6122,3569,0,0,"Portal Web Loaded, Go to Page"
2023-02-08 04:25:49.860202,1,pcoc,154,145,5,3061,6122,3569,0,0,Check Expired session in FIND LAST PAGE MINED
2023-02-08 04:25:49.929202,1,pcoc,154,146,5,3061,6122,3569,0,0,falied session
2023-02-08 04:25:53.207109,1,pcoc,154,146,5,3061,6122,3569,0,0,RESTART PROGRAM
2023-02-08 04:28:03.267402,1,pcoc,155,146,5,3061,6122,3569,0,0,"Portal Web Loaded, Go to Page"
2023-02-08 04:28:38.484680,1,pcoc,155,146,5,3061,6122,3569,0,0,Check Expired session in FIND LAST PAGE MINED
2023-02-08 04:28:38.936399,1,pcoc,155,147,5,3061,6122,3569,0,0,falied session
2023-02-08 04:28:54.006647,1,pcoc,155,147,5,3061,6122,3569,0,0,RESTART PROGRAM
2023-02-08 04:31:09.444754,1,pcoc,156,147,5,3061,6122,3569,0,0,"Portal Web Loaded, Go to Page"
2023-02-08 04:31:54.168871,1,pcoc,156,147,5,3061,6122,3569,0,0,Check Expired session in FIND LAST PAGE MINED
2023-02-08 04:31:54.264872,1,pcoc,156,148,5,3061,6122,3569,0,0,falied session
2023-02-08 04:31:56.987024,1,pcoc,156,148,5,3061,6122,3569,0,0,RESTART PROGRAM
2023-02-08 04:32:55.557529,1,pcoc,157,148,5,3061,6122,3569,0,0,"Portal Web Loaded, Go to Page"
2023-02-08 04:33:30.885746,1,pcoc,157,148,5,3061,6122,3569,0,0,Check Expired session in FIND LAST PAGE MINED
2023-02-08 04:33:30.996642,1,pcoc,157,149,5,3061,6122,3569,0,0,falied session
2023-02-08 04:33:33.715334,1,pcoc,157,149,5,3061,6122,3569,0,0,RESTART PROGRAM
2023-02-08 04:34:34.184854,1,pcoc,158,149,5,3061,6122,3569,0,0,"Portal Web Loaded, Go to Page"
2023-02-08 04:35:09.465333,1,pcoc,158,149,5,3061,6122,3569,0,0,Check Expired session in FIND LAST PAGE MINED
2023-02-08 04:35:09.573331,1,pcoc,158,150,5,3061,6122,3569,0,0,falied session
2023-02-08 04:35:13.025928,1,pcoc,158,150,5,3061,6122,3569,0,0,RESTART PROGRAM
2023-02-08 04:36:20.817670,1,pcoc,159,150,5,3061,6122,3569,0,0,"Portal Web Loaded, Go to Page"
2023-02-08 04:36:56.259232,1,pcoc,159,150,5,3061,6122,3569,0,0,Check Expired session in FIND LAST PAGE MINED
2023-02-08 04:36:56.362226,1,pcoc,159,151,5,3061,6122,3569,0,0,falied session
2023-02-08 04:37:04.852142,1,pcoc,159,151,5,3061,6122,3569,0,0,RESTART PROGRAM
2023-02-08 04:38:05.747946,1,pcoc,160,151,5,3061,6122,3569,0,0,"Portal Web Loaded, Go to Page"
2023-02-08 04:38:41.170020,1,pcoc,160,151,5,3061,6122,3569,0,0,Check Expired session in FIND LAST PAGE MINED
2023-02-08 04:38:41.711114,1,pcoc,160,152,5,3061,6122,3569,0,0,falied session
2023-02-08 04:38:46.174066,1,pcoc,160,152,5,3061,6122,3569,0,0,RESTART PROGRAM
2023-02-08 04:39:55.419353,1,pcoc,161,152,5,3061,6122,3569,0,0,"Portal Web Loaded, Go to Page"
2023-02-08 04:40:30.824749,1,pcoc,161,152,5,3061,6122,3569,0,0,Check Expired session in FIND LAST PAGE MINED
2023-02-08 04:40:30.978750,1,pcoc,161,153,5,3061,6122,3569,0,0,falied session
2023-02-08 04:40:34.311913,1,pcoc,161,153,5,3061,6122,3569,0,0,RESTART PROGRAM
2023-02-08 04:41:17.418667,1,pcoc,162,153,5,3061,6122,3569,0,0,"Portal Web Loaded, Go to Page"
2023-02-08 04:41:53.215053,1,pcoc,162,153,5,3061,6122,3569,0,0,Check Expired session in FIND LAST PAGE MINED
2023-02-08 04:41:53.527549,1,pcoc,162,154,5,3061,6122,3569,0,0,falied session
2023-02-08 04:41:57.397887,1,pcoc,162,154,5,3061,6122,3569,0,0,RESTART PROGRAM
2023-02-08 04:42:54.530380,1,pcoc,163,154,5,3061,6122,3569,0,0,"Portal Web Loaded, Go to Page"
2023-02-08 04:43:38.116082,1,pcoc,163,154,5,3061,6122,3569,0,0,Check Expired session in FIND LAST PAGE MINED
2023-02-08 04:43:38.235078,1,pcoc,163,155,5,3061,6122,3569,0,0,falied session
2023-02-08 04:43:40.991080,1,pcoc,163,155,5,3061,6122,3569,0,0,RESTART PROGRAM
2023-02-08 04:44:55.222895,1,pcoc,165,156,5,3061,6122,3569,0,0,"Portal Web Loaded, Go to Page"
2023-02-08 04:45:30.579131,1,pcoc,165,156,5,3061,6122,3569,0,0,Check Expired session in FIND LAST PAGE MINED
2023-02-08 04:45:30.719758,1,pcoc,165,157,5,3061,6122,3569,0,0,falied session
2023-02-08 04:45:33.095371,1,pcoc,165,157,5,3061,6122,3569,0,0,RESTART PROGRAM
2023-02-08 04:46:15.828665,1,pcoc,166,157,5,3061,6122,3569,0,0,"Portal Web Loaded, Go to Page"
2023-02-08 04:46:51.129081,1,pcoc,166,157,5,3061,6122,3569,0,0,Check Expired session in FIND LAST PAGE MINED
2023-02-08 04:46:51.332207,1,pcoc,166,158,5,3061,6122,3569,0,0,falied session
2023-02-08 04:46:56.865111,1,pcoc,166,158,5,3061,6122,3569,0,0,RESTART PROGRAM
2023-02-08 04:47:52.595150,1,pcoc,167,158,5,3061,6122,3569,0,0,"Portal Web Loaded, Go to Page"
2023-02-08 04:48:27.947715,1,pcoc,167,158,5,3061,6122,3569,0,0,Check Expired session in FIND LAST PAGE MINED
2023-02-08 04:48:28.104226,1,pcoc,167,159,5,3061,6122,3569,0,0,falied session
2023-02-08 04:48:32.334479,1,pcoc,167,159,5,3061,6122,3569,0,0,RESTART PROGRAM
2023-02-08 04:49:35.246957,1,pcoc,169,160,5,3061,6122,3569,0,0,"Portal Web Loaded, Go to Page"
2023-02-08 04:50:10.563238,1,pcoc,169,160,5,3061,6122,3569,0,0,Check Expired session in FIND LAST PAGE MINED
2023-02-08 04:50:10.654504,1,pcoc,169,161,5,3061,6122,3569,0,0,falied session
2023-02-08 04:50:12.920894,1,pcoc,169,161,5,3061,6122,3569,0,0,RESTART PROGRAM
2023-02-08 04:51:04.783079,1,pcoc,170,161,5,3061,6122,3569,0,0,"Portal Web Loaded, Go to Page"
2023-02-08 04:51:40.085713,1,pcoc,170,161,5,3061,6122,3569,0,0,Check Expired session in FIND LAST PAGE MINED
2023-02-08 04:51:40.238384,1,pcoc,170,162,5,3061,6122,3569,0,0,falied session
2023-02-08 04:51:42.648467,1,pcoc,170,162,5,3061,6122,3569,0,0,RESTART PROGRAM
2023-02-08 04:52:29.317522,1,pcoc,171,162,5,3061,6122,3569,0,0,"Portal Web Loaded, Go to Page"
2023-02-08 04:53:04.667968,1,pcoc,171,162,5,3061,6122,3569,0,0,Check Expired session in FIND LAST PAGE MINED
2023-02-08 04:53:04.736958,1,pcoc,171,163,5,3061,6122,3569,0,0,falied session
2023-02-08 04:53:06.926918,1,pcoc,171,163,5,3061,6122,3569,0,0,RESTART PROGRAM
2023-02-08 04:53:54.251109,1,pcoc,172,163,5,3061,6122,3569,0,0,"Portal Web Loaded, Go to Page"
2023-02-08 04:54:29.519424,1,pcoc,172,163,5,3061,6122,3569,0,0,Check Expired session in FIND LAST PAGE MINED
2023-02-08 04:54:29.613177,1,pcoc,172,164,5,3061,6122,3569,0,0,falied session
2023-02-08 04:54:31.908604,1,pcoc,172,164,5,3061,6122,3569,0,0,RESTART PROGRAM
2023-02-08 04:55:16.181080,1,pcoc,173,164,5,3061,6122,3569,0,0,"Portal Web Loaded, Go to Page"
2023-02-08 04:55:51.438470,1,pcoc,173,164,5,3061,6122,3569,0,0,Check Expired session in FIND LAST PAGE MINED
2023-02-08 04:55:51.638846,1,pcoc,173,165,5,3061,6122,3569,0,0,falied session
2023-02-08 04:55:56.658965,1,pcoc,173,165,5,3061,6122,3569,0,0,RESTART PROGRAM
2023-02-08 04:56:26.313484,1,pcoc,174,165,5,3061,6122,3569,0,0,"Portal Web Loaded, Go to Page"
2023-02-08 04:57:02.808779,1,pcoc,174,165,5,3061,6122,3569,0,0,Check Expired session in FIND LAST PAGE MINED
2023-02-08 04:57:02.902530,1,pcoc,174,166,5,3061,6122,3569,0,0,falied session
2023-02-08 04:57:05.952745,1,pcoc,174,166,5,3061,6122,3569,0,0,RESTART PROGRAM
2023-02-08 04:57:45.685061,1,pcoc,175,166,5,3061,6122,3569,0,0,"Portal Web Loaded, Go to Page"
2023-02-08 04:58:31.467352,1,pcoc,175,166,5,3061,6122,3569,0,0,Check Expired session in FIND LAST PAGE MINED
2023-02-08 04:58:31.590352,1,pcoc,175,167,5,3061,6122,3569,0,0,falied session
2023-02-08 04:58:34.420417,1,pcoc,175,167,5,3061,6122,3569,0,0,RESTART PROGRAM
2023-02-08 04:59:14.695996,1,pcoc,176,167,5,3061,6122,3569,0,0,"Portal Web Loaded, Go to Page"
2023-02-08 04:59:50.010812,1,pcoc,176,167,5,3061,6122,3569,0,0,Check Expired session in FIND LAST PAGE MINED
2023-02-08 04:59:50.278818,1,pcoc,176,168,5,3061,6122,3569,0,0,falied session
2023-02-08 04:59:53.125407,1,pcoc,176,168,5,3061,6122,3569,0,0,RESTART PROGRAM
2023-02-08 05:00:31.307917,1,pcoc,177,168,5,3061,6122,3569,0,0,"Portal Web Loaded, Go to Page"
2023-02-08 05:01:06.589376,1,pcoc,177,168,5,3061,6122,3569,0,0,Check Expired session in FIND LAST PAGE MINED
2023-02-08 05:01:06.707374,1,pcoc,177,169,5,3061,6122,3569,0,0,falied session
2023-02-08 05:01:09.482557,1,pcoc,177,169,5,3061,6122,3569,0,0,RESTART PROGRAM
2023-02-08 05:01:47.334766,1,pcoc,178,169,5,3061,6122,3569,0,0,"Portal Web Loaded, Go to Page"
2023-02-08 05:02:22.645611,1,pcoc,178,169,5,3061,6122,3569,0,0,Check Expired session in FIND LAST PAGE MINED
2023-02-08 05:02:22.792616,1,pcoc,178,170,5,3061,6122,3569,0,0,falied session
2023-02-08 05:02:26.050100,1,pcoc,178,170,5,3061,6122,3569,0,0,RESTART PROGRAM
2023-02-08 05:03:05.499179,1,pcoc,179,170,5,3061,6122,3569,0,0,"Portal Web Loaded, Go to Page"
2023-02-08 05:09:00.028762,1,pcoc,179,170,5,3061,6122,3569,0,0,Check Expired session in FIND LAST PAGE MINED
2023-02-08 05:09:17.778894,1,pcoc,179,170,5,3061,6122,3569,0,0,Resume Mining
2023-02-08 05:47:58.479037,1,pcoc,179,170,5,3061,6122,3700,17780,7,Saved Data
2023-02-08 05:50:06.069153,1,pcoc,179,170,5,3061,6122,3700,0,0,Check Expired session in FIND LAST PAGE DETAIL MINED
2023-02-08 05:50:06.100372,1,pcoc,179,170,6,3061,6122,3700,0,0,Expired session
2023-02-08 05:50:36.157938,1,pcoc,179,170,6,3061,6122,3700,0,0,Fail Click
2023-02-08 05:50:36.173565,1,pcoc,179,170,6,3061,6122,3700,0,0,End Session
2023-02-08 05:51:01.455417,1,pcoc,179,170,6,3061,6122,3700,0,0,RESTART PROGRAM
2023-02-08 05:51:57.958268,1,pcoc,180,170,6,3061,6122,3700,0,0,"Portal Web Loaded, Go to Page"
2023-02-08 05:52:35.294215,1,pcoc,180,170,6,3061,6122,3700,0,0,Check Expired session in FIND LAST PAGE MINED
2023-02-08 05:52:36.273794,1,pcoc,180,171,6,3061,6122,3700,0,0,falied session
2023-02-08 05:52:41.544450,1,pcoc,180,171,6,3061,6122,3700,0,0,RESTART PROGRAM
2023-02-08 05:53:34.667307,1,pcoc,181,171,6,3061,6122,3700,0,0,"Portal Web Loaded, Go to Page"
2023-02-08 05:54:19.537266,1,pcoc,181,171,6,3061,6122,3700,0,0,Check Expired session in FIND LAST PAGE MINED
2023-02-08 05:54:19.648266,1,pcoc,181,172,6,3061,6122,3700,0,0,falied session
2023-02-08 05:54:21.952266,1,pcoc,181,172,6,3061,6122,3700,0,0,RESTART PROGRAM
2023-02-08 05:55:04.498562,1,pcoc,182,172,6,3061,6122,3700,0,0,"Portal Web Loaded, Go to Page"
2023-02-08 05:55:39.882642,1,pcoc,182,172,6,3061,6122,3700,0,0,Check Expired session in FIND LAST PAGE MINED
2023-02-08 05:55:39.996645,1,pcoc,182,173,6,3061,6122,3700,0,0,falied session
2023-02-08 05:55:45.352089,1,pcoc,182,173,6,3061,6122,3700,0,0,RESTART PROGRAM
2023-02-08 05:56:47.935733,1,pcoc,184,174,6,3061,6122,3700,0,0,"Portal Web Loaded, Go to Page"
2023-02-08 05:57:23.210040,1,pcoc,184,174,6,3061,6122,3700,0,0,Check Expired session in FIND LAST PAGE MINED
2023-02-08 05:57:23.319407,1,pcoc,184,175,6,3061,6122,3700,0,0,falied session
2023-02-08 05:57:25.713202,1,pcoc,184,175,6,3061,6122,3700,0,0,RESTART PROGRAM
2023-02-08 05:58:06.806944,1,pcoc,185,175,6,3061,6122,3700,0,0,"Portal Web Loaded, Go to Page"
2023-02-08 05:58:42.119145,1,pcoc,185,175,6,3061,6122,3700,0,0,Check Expired session in FIND LAST PAGE MINED
2023-02-08 05:58:42.165985,1,pcoc,185,176,6,3061,6122,3700,0,0,falied session
2023-02-08 05:58:44.325080,1,pcoc,185,176,6,3061,6122,3700,0,0,RESTART PROGRAM
2023-02-08 05:59:20.671435,1,pcoc,186,176,6,3061,6122,3700,0,0,"Portal Web Loaded, Go to Page"
2023-02-08 05:59:56.032568,1,pcoc,186,176,6,3061,6122,3700,0,0,Check Expired session in FIND LAST PAGE MINED
2023-02-08 05:59:56.110694,1,pcoc,186,177,6,3061,6122,3700,0,0,falied session
2023-02-08 05:59:59.141030,1,pcoc,186,177,6,3061,6122,3700,0,0,RESTART PROGRAM
2023-02-08 06:00:39.557060,1,pcoc,187,177,6,3061,6122,3700,0,0,"Portal Web Loaded, Go to Page"
2023-02-08 06:01:14.927425,1,pcoc,187,177,6,3061,6122,3700,0,0,Check Expired session in FIND LAST PAGE MINED
2023-02-08 06:01:15.036801,1,pcoc,187,178,6,3061,6122,3700,0,0,falied session
2023-02-08 06:01:17.416491,1,pcoc,187,178,6,3061,6122,3700,0,0,RESTART PROGRAM
2023-02-08 06:01:49.748968,1,pcoc,188,178,6,3061,6122,3700,0,0,"Portal Web Loaded, Go to Page"
2023-02-08 06:02:25.106473,1,pcoc,188,178,6,3061,6122,3700,0,0,Check Expired session in FIND LAST PAGE MINED
2023-02-08 06:02:25.184010,1,pcoc,188,179,6,3061,6122,3700,0,0,falied session
2023-02-08 06:02:27.424434,1,pcoc,188,179,6,3061,6122,3700,0,0,RESTART PROGRAM
2023-02-08 06:03:05.557914,1,pcoc,189,179,6,3061,6122,3700,0,0,"Portal Web Loaded, Go to Page"
2023-02-08 06:03:40.881787,1,pcoc,189,179,6,3061,6122,3700,0,0,Check Expired session in FIND LAST PAGE MINED
2023-02-08 06:03:40.961843,1,pcoc,189,180,6,3061,6122,3700,0,0,falied session
2023-02-08 06:03:43.195102,1,pcoc,189,180,6,3061,6122,3700,0,0,RESTART PROGRAM
2023-02-08 06:04:22.060341,1,pcoc,190,180,6,3061,6122,3700,0,0,"Portal Web Loaded, Go to Page"
2023-02-08 06:04:57.522758,1,pcoc,190,180,6,3061,6122,3700,0,0,Check Expired session in FIND LAST PAGE MINED
2023-02-08 06:04:57.672850,1,pcoc,190,181,6,3061,6122,3700,0,0,falied session
2023-02-08 06:05:00.752956,1,pcoc,190,181,6,3061,6122,3700,0,0,RESTART PROGRAM
2023-02-08 06:05:38.691413,1,pcoc,191,181,6,3061,6122,3700,0,0,"Portal Web Loaded, Go to Page"
2023-02-08 06:06:14.316071,1,pcoc,191,181,6,3061,6122,3700,0,0,Check Expired session in FIND LAST PAGE MINED
2023-02-08 06:06:14.535808,1,pcoc,191,182,6,3061,6122,3700,0,0,falied session
2023-02-08 06:06:17.127422,1,pcoc,191,182,6,3061,6122,3700,0,0,RESTART PROGRAM
2023-02-08 06:06:51.587819,1,pcoc,192,182,6,3061,6122,3700,0,0,"Portal Web Loaded, Go to Page"
2023-02-08 06:07:28.322878,1,pcoc,192,182,6,3061,6122,3700,0,0,Check Expired session in FIND LAST PAGE MINED
2023-02-08 06:07:28.634184,1,pcoc,192,183,6,3061,6122,3700,0,0,falied session
2023-02-08 06:07:31.917608,1,pcoc,192,183,6,3061,6122,3700,0,0,RESTART PROGRAM
2023-02-08 06:08:04.885531,1,pcoc,193,183,6,3061,6122,3700,0,0,"Portal Web Loaded, Go to Page"
2023-02-08 06:08:40.320104,1,pcoc,193,183,6,3061,6122,3700,0,0,Check Expired session in FIND LAST PAGE MINED
2023-02-08 06:08:40.650528,1,pcoc,193,184,6,3061,6122,3700,0,0,falied session
2023-02-08 06:08:43.981796,1,pcoc,193,184,6,3061,6122,3700,0,0,RESTART PROGRAM
2023-02-08 06:09:36.504413,1,pcoc,194,184,6,3061,6122,3700,0,0,"Portal Web Loaded, Go to Page"
2023-02-08 06:10:11.995024,1,pcoc,194,184,6,3061,6122,3700,0,0,Check Expired session in FIND LAST PAGE MINED
2023-02-08 06:10:12.213983,1,pcoc,194,185,6,3061,6122,3700,0,0,falied session
2023-02-08 06:10:14.882921,1,pcoc,194,185,6,3061,6122,3700,0,0,RESTART PROGRAM
2023-02-08 06:11:07.281637,1,pcoc,195,185,6,3061,6122,3700,0,0,"Portal Web Loaded, Go to Page"
2023-02-08 06:11:42.588528,1,pcoc,195,185,6,3061,6122,3700,0,0,Check Expired session in FIND LAST PAGE MINED
2023-02-08 06:11:42.667597,1,pcoc,195,186,6,3061,6122,3700,0,0,falied session
2023-02-08 06:11:44.858901,1,pcoc,195,186,6,3061,6122,3700,0,0,RESTART PROGRAM
2023-02-08 06:12:31.753084,1,pcoc,196,186,6,3061,6122,3700,0,0,"Portal Web Loaded, Go to Page"
2023-02-08 06:13:07.055661,1,pcoc,196,186,6,3061,6122,3700,0,0,Check Expired session in FIND LAST PAGE MINED
2023-02-08 06:13:07.149415,1,pcoc,196,187,6,3061,6122,3700,0,0,falied session
2023-02-08 06:13:09.390743,1,pcoc,196,187,6,3061,6122,3700,0,0,RESTART PROGRAM
2023-02-08 06:13:59.534084,1,pcoc,197,187,6,3061,6122,3700,0,0,"Portal Web Loaded, Go to Page"
2023-02-08 06:14:34.801936,1,pcoc,197,187,6,3061,6122,3700,0,0,Check Expired session in FIND LAST PAGE MINED
2023-02-08 06:14:34.911938,1,pcoc,197,188,6,3061,6122,3700,0,0,falied session
2023-02-08 06:14:37.318711,1,pcoc,197,188,6,3061,6122,3700,0,0,RESTART PROGRAM
2023-02-08 06:15:22.988073,1,pcoc,198,188,6,3061,6122,3700,0,0,"Portal Web Loaded, Go to Page"
2023-02-08 06:15:58.330647,1,pcoc,198,188,6,3061,6122,3700,0,0,Check Expired session in FIND LAST PAGE MINED
2023-02-08 06:15:58.435652,1,pcoc,198,189,6,3061,6122,3700,0,0,falied session
2023-02-08 06:16:00.744792,1,pcoc,198,189,6,3061,6122,3700,0,0,RESTART PROGRAM
2023-02-08 06:16:51.099647,1,pcoc,199,189,6,3061,6122,3700,0,0,"Portal Web Loaded, Go to Page"
2023-02-08 06:17:26.355650,1,pcoc,199,189,6,3061,6122,3700,0,0,Check Expired session in FIND LAST PAGE MINED
2023-02-08 06:17:26.433774,1,pcoc,199,190,6,3061,6122,3700,0,0,falied session
2023-02-08 06:17:28.708156,1,pcoc,199,190,6,3061,6122,3700,0,0,RESTART PROGRAM
2023-02-08 06:18:16.696084,1,pcoc,200,190,6,3061,6122,3700,0,0,"Portal Web Loaded, Go to Page"
2023-02-08 06:18:52.064772,1,pcoc,200,190,6,3061,6122,3700,0,0,Check Expired session in FIND LAST PAGE MINED
2023-02-08 06:18:52.142904,1,pcoc,200,191,6,3061,6122,3700,0,0,falied session
2023-02-08 06:18:54.472358,1,pcoc,200,191,6,3061,6122,3700,0,0,RESTART PROGRAM
2023-02-08 06:19:44.204725,1,pcoc,201,191,6,3061,6122,3700,0,0,"Portal Web Loaded, Go to Page"
2023-02-08 06:20:19.436252,1,pcoc,201,191,6,3061,6122,3700,0,0,Check Expired session in FIND LAST PAGE MINED
2023-02-08 06:20:19.509763,1,pcoc,201,192,6,3061,6122,3700,0,0,falied session
2023-02-08 06:20:21.911460,1,pcoc,201,192,6,3061,6122,3700,0,0,RESTART PROGRAM
2023-02-08 06:21:06.098763,1,pcoc,202,192,6,3061,6122,3700,0,0,"Portal Web Loaded, Go to Page"
2023-02-08 06:21:41.345284,1,pcoc,202,192,6,3061,6122,3700,0,0,Check Expired session in FIND LAST PAGE MINED
2023-02-08 06:21:41.423448,1,pcoc,202,193,6,3061,6122,3700,0,0,falied session
2023-02-08 06:21:43.639126,1,pcoc,202,193,6,3061,6122,3700,0,0,RESTART PROGRAM
2023-02-08 06:22:30.007176,1,pcoc,203,193,6,3061,6122,3700,0,0,"Portal Web Loaded, Go to Page"
2023-02-08 06:23:05.223022,1,pcoc,203,193,6,3061,6122,3700,0,0,Check Expired session in FIND LAST PAGE MINED
2023-02-08 06:23:05.926508,1,pcoc,203,194,6,3061,6122,3700,0,0,falied session
2023-02-08 06:23:08.322061,1,pcoc,203,194,6,3061,6122,3700,0,0,RESTART PROGRAM
2023-02-08 06:23:54.054231,1,pcoc,204,194,6,3061,6122,3700,0,0,"Portal Web Loaded, Go to Page"
2023-02-08 06:24:29.344401,1,pcoc,204,194,6,3061,6122,3700,0,0,Check Expired session in FIND LAST PAGE MINED
2023-02-08 06:24:29.422520,1,pcoc,204,195,6,3061,6122,3700,0,0,falied session
2023-02-08 06:24:31.672234,1,pcoc,204,195,6,3061,6122,3700,0,0,RESTART PROGRAM
2023-02-08 06:25:20.307063,1,pcoc,205,195,6,3061,6122,3700,0,0,"Portal Web Loaded, Go to Page"
2023-02-08 06:25:55.569829,1,pcoc,205,195,6,3061,6122,3700,0,0,Check Expired session in FIND LAST PAGE MINED
2023-02-08 06:25:55.632299,1,pcoc,205,196,6,3061,6122,3700,0,0,falied session
2023-02-08 06:25:58.920484,1,pcoc,205,196,6,3061,6122,3700,0,0,RESTART PROGRAM
2023-02-08 06:26:50.104046,1,pcoc,206,196,6,3061,6122,3700,0,0,"Portal Web Loaded, Go to Page"
2023-02-08 06:27:25.361201,1,pcoc,206,196,6,3061,6122,3700,0,0,Check Expired session in FIND LAST PAGE MINED
2023-02-08 06:27:25.460197,1,pcoc,206,197,6,3061,6122,3700,0,0,falied session
2023-02-08 06:27:27.770310,1,pcoc,206,197,6,3061,6122,3700,0,0,RESTART PROGRAM
2023-02-08 06:28:23.395088,1,pcoc,207,197,6,3061,6122,3700,0,0,"Portal Web Loaded, Go to Page"
2023-02-08 06:28:58.611412,1,pcoc,207,197,6,3061,6122,3700,0,0,Check Expired session in FIND LAST PAGE MINED
2023-02-08 06:28:58.702848,1,pcoc,207,198,6,3061,6122,3700,0,0,falied session
2023-02-08 06:29:02.779580,1,pcoc,207,198,6,3061,6122,3700,0,0,RESTART PROGRAM
2023-02-08 06:29:51.923905,1,pcoc,208,198,6,3061,6122,3700,0,0,"Portal Web Loaded, Go to Page"
2023-02-08 06:30:27.250140,1,pcoc,208,198,6,3061,6122,3700,0,0,Check Expired session in FIND LAST PAGE MINED
2023-02-08 06:30:27.410140,1,pcoc,208,199,6,3061,6122,3700,0,0,falied session
2023-02-08 06:30:29.867124,1,pcoc,208,199,6,3061,6122,3700,0,0,RESTART PROGRAM
2023-02-08 06:31:16.182825,1,pcoc,209,199,6,3061,6122,3700,0,0,"Portal Web Loaded, Go to Page"
2023-02-08 06:31:51.405682,1,pcoc,209,199,6,3061,6122,3700,0,0,Check Expired session in FIND LAST PAGE MINED
2023-02-08 06:31:51.545562,1,pcoc,209,200,6,3061,6122,3700,0,0,falied session
2023-02-08 06:31:53.897457,1,pcoc,209,200,6,3061,6122,3700,0,0,RESTART PROGRAM
2023-02-08 06:32:38.516053,1,pcoc,210,200,6,3061,6122,3700,0,0,"Portal Web Loaded, Go to Page"
2023-02-08 06:33:13.850650,1,pcoc,210,200,6,3061,6122,3700,0,0,Check Expired session in FIND LAST PAGE MINED
2023-02-08 06:33:13.933649,1,pcoc,210,201,6,3061,6122,3700,0,0,falied session
2023-02-08 06:33:16.157162,1,pcoc,210,201,6,3061,6122,3700,0,0,RESTART PROGRAM
2023-02-08 06:33:51.481285,1,pcoc,211,201,6,3061,6122,3700,0,0,"Portal Web Loaded, Go to Page"
2023-02-08 06:34:26.793555,1,pcoc,211,201,6,3061,6122,3700,0,0,Check Expired session in FIND LAST PAGE MINED
2023-02-08 06:34:26.902556,1,pcoc,211,202,6,3061,6122,3700,0,0,falied session
2023-02-08 06:34:29.154607,1,pcoc,211,202,6,3061,6122,3700,0,0,RESTART PROGRAM
2023-02-08 06:35:01.121029,1,pcoc,212,202,6,3061,6122,3700,0,0,"Portal Web Loaded, Go to Page"
2023-02-08 06:43:38.051567,1,pcoc,212,202,6,3061,6122,3700,0,0,Check Expired session in FIND LAST PAGE MINED
2023-02-08 06:43:55.594394,1,pcoc,212,202,6,3061,6122,3700,0,0,Resume Mining
2023-02-08 07:19:59.720821,1,pcoc,212,202,6,3061,6122,3825,20300,7,Saved Data
2023-02-08 07:22:02.152995,1,pcoc,212,202,6,3061,6122,3825,0,0,Check Expired session in FIND LAST PAGE DETAIL MINED
2023-02-08 07:22:02.199871,1,pcoc,212,202,7,3061,6122,3825,0,0,Expired session
2023-02-08 07:22:32.256760,1,pcoc,212,202,7,3061,6122,3825,0,0,Fail Click
2023-02-08 07:22:32.270762,1,pcoc,212,202,7,3061,6122,3825,0,0,End Session
2023-02-08 07:22:51.692762,1,pcoc,212,202,7,3061,6122,3825,0,0,RESTART PROGRAM
2023-02-08 07:23:32.449450,1,pcoc,213,202,7,3061,6122,3825,0,0,"Portal Web Loaded, Go to Page"
2023-02-08 07:24:08.025309,1,pcoc,213,202,7,3061,6122,3825,0,0,Check Expired session in FIND LAST PAGE MINED
2023-02-08 07:24:08.179309,1,pcoc,213,203,7,3061,6122,3825,0,0,falied session
2023-02-08 07:24:10.479320,1,pcoc,213,203,7,3061,6122,3825,0,0,RESTART PROGRAM
2023-02-08 07:24:55.988287,1,pcoc,214,203,7,3061,6122,3825,0,0,"Portal Web Loaded, Go to Page"
2023-02-08 07:25:31.300679,1,pcoc,214,203,7,3061,6122,3825,0,0,Check Expired session in FIND LAST PAGE MINED
2023-02-08 07:25:31.406683,1,pcoc,214,204,7,3061,6122,3825,0,0,falied session
2023-02-08 07:25:37.283971,1,pcoc,214,204,7,3061,6122,3825,0,0,RESTART PROGRAM
2023-02-08 07:26:22.352593,1,pcoc,215,204,7,3061,6122,3825,0,0,"Portal Web Loaded, Go to Page"
2023-02-08 07:26:57.627103,1,pcoc,215,204,7,3061,6122,3825,0,0,Check Expired session in FIND LAST PAGE MINED
2023-02-08 07:26:57.712102,1,pcoc,215,205,7,3061,6122,3825,0,0,falied session
2023-02-08 07:26:59.936213,1,pcoc,215,205,7,3061,6122,3825,0,0,RESTART PROGRAM
2023-02-08 07:28:08.328351,1,pcoc,217,206,7,3061,6122,3825,0,0,"Portal Web Loaded, Go to Page"
2023-02-08 07:28:43.569837,1,pcoc,217,206,7,3061,6122,3825,0,0,Check Expired session in FIND LAST PAGE MINED
2023-02-08 07:28:43.657840,1,pcoc,217,207,7,3061,6122,3825,0,0,falied session
2023-02-08 07:29:05.139516,1,pcoc,217,207,7,3061,6122,3825,0,0,RESTART PROGRAM
2023-02-08 07:30:04.131672,1,pcoc,218,207,7,3061,6122,3825,0,0,"Portal Web Loaded, Go to Page"
2023-02-09 00:26:32.323972,1,pcoc,218,207,7,3061,6122,3825,0,0,Check Expired session in FIND LAST PAGE MINED
2023-02-09 00:36:08.182327,1,pcoc,218,207,7,3061,6122,3825,0,0,RESTART PROGRAM
2023-02-09 00:37:16.707663,1,pcoc,219,207,7,3061,6122,3825,0,0,"Portal Web Loaded, Go to Page"
2023-02-09 01:11:41.618169,1,pcoc,219,207,7,3061,6122,3825,0,0,Check Expired session in FIND LAST PAGE MINED
2023-02-09 01:11:58.206918,1,pcoc,219,207,7,3061,6122,3825,0,0,Resume Mining
2023-02-09 01:22:11.165556,1,pcoc,219,207,7,3061,6122,3850,20820,7,Saved Data
2023-02-09 01:24:57.341007,1,pcoc,219,207,7,3061,6122,3850,0,0,Check Expired session in FIND LAST PAGE DETAIL MINED
2023-02-09 01:24:57.580007,1,pcoc,219,207,8,3061,6122,3850,0,0,Expired session
2023-02-09 01:25:27.674680,1,pcoc,219,207,8,3061,6122,3850,0,0,Fail Click
2023-02-09 01:25:27.681680,1,pcoc,219,207,8,3061,6122,3850,0,0,End Session
2023-02-09 01:25:57.230703,1,pcoc,219,207,8,3061,6122,3850,0,0,RESTART PROGRAM
2023-02-09 01:27:19.420733,1,pcoc,220,207,8,3061,6122,3850,0,0,"Portal Web Loaded, Go to Page"
2023-02-09 01:27:54.906911,1,pcoc,220,207,8,3061,6122,3850,0,0,Check Expired session in FIND LAST PAGE MINED
2023-02-09 01:27:55.733910,1,pcoc,220,208,8,3061,6122,3850,0,0,falied session
2023-02-09 01:28:13.658604,1,pcoc,220,208,8,3061,6122,3850,0,0,RESTART PROGRAM
2023-02-09 01:29:09.829721,1,pcoc,221,208,8,3061,6122,3850,0,0,"Portal Web Loaded, Go to Page"
2023-02-09 01:29:45.401782,1,pcoc,221,208,8,3061,6122,3850,0,0,Check Expired session in FIND LAST PAGE MINED
2023-02-09 01:29:45.587783,1,pcoc,221,209,8,3061,6122,3850,0,0,falied session
2023-02-09 01:29:49.194433,1,pcoc,221,209,8,3061,6122,3850,0,0,RESTART PROGRAM
2023-02-09 01:31:59.575138,1,pcoc,222,209,8,3061,6122,3850,0,0,"Portal Web Loaded, Go to Page"
2023-02-09 01:32:35.366103,1,pcoc,222,209,8,3061,6122,3850,0,0,Check Expired session in FIND LAST PAGE MINED
2023-02-09 01:32:35.632380,1,pcoc,222,210,8,3061,6122,3850,0,0,falied session
2023-02-09 01:32:38.810165,1,pcoc,222,210,8,3061,6122,3850,0,0,RESTART PROGRAM
2023-02-09 01:33:41.655873,1,pcoc,223,210,8,3061,6122,3850,0,0,"Portal Web Loaded, Go to Page"
2023-02-09 01:34:23.464027,1,pcoc,223,210,8,3061,6122,3850,0,0,Check Expired session in FIND LAST PAGE MINED
2023-02-09 01:34:23.764177,1,pcoc,223,211,8,3061,6122,3850,0,0,falied session
2023-02-09 01:34:32.780407,1,pcoc,223,211,8,3061,6122,3850,0,0,RESTART PROGRAM
2023-02-09 01:36:10.348097,1,pcoc,224,211,8,3061,6122,3850,0,0,"Portal Web Loaded, Go to Page"
2023-02-09 01:36:45.767956,1,pcoc,224,211,8,3061,6122,3850,0,0,Check Expired session in FIND LAST PAGE MINED
2023-02-09 01:36:45.843970,1,pcoc,224,212,8,3061,6122,3850,0,0,falied session
2023-02-09 01:36:50.610457,1,pcoc,224,212,8,3061,6122,3850,0,0,RESTART PROGRAM
2023-02-09 01:38:20.240241,1,pcoc,225,212,8,3061,6122,3850,0,0,"Portal Web Loaded, Go to Page"
2023-02-09 01:38:55.848447,1,pcoc,225,212,8,3061,6122,3850,0,0,Check Expired session in FIND LAST PAGE MINED
2023-02-09 01:38:55.980390,1,pcoc,225,213,8,3061,6122,3850,0,0,falied session
2023-02-09 01:38:58.323315,1,pcoc,225,213,8,3061,6122,3850,0,0,RESTART PROGRAM
2023-02-09 01:40:27.631336,1,pcoc,226,213,8,3061,6122,3850,0,0,"Portal Web Loaded, Go to Page"
2023-02-09 01:41:03.160845,1,pcoc,226,213,8,3061,6122,3850,0,0,Check Expired session in FIND LAST PAGE MINED
2023-02-09 01:41:03.301485,1,pcoc,226,214,8,3061,6122,3850,0,0,falied session
2023-02-09 01:41:05.625489,1,pcoc,226,214,8,3061,6122,3850,0,0,RESTART PROGRAM
2023-02-09 01:42:41.328185,1,pcoc,227,214,8,3061,6122,3850,0,0,"Portal Web Loaded, Go to Page"
2023-02-09 01:43:16.659885,1,pcoc,227,214,8,3061,6122,3850,0,0,Check Expired session in FIND LAST PAGE MINED
2023-02-09 01:43:16.784887,1,pcoc,227,215,8,3061,6122,3850,0,0,falied session
2023-02-09 01:44:30.714328,1,pcoc,227,215,8,3061,6122,3850,0,0,RESTART PROGRAM
2023-02-09 01:46:42.681329,1,pcoc,228,215,8,3061,6122,3850,0,0,"Portal Web Loaded, Go to Page"
2023-02-09 01:47:18.873289,1,pcoc,228,215,8,3061,6122,3850,0,0,Check Expired session in FIND LAST PAGE MINED
2023-02-09 01:47:18.935761,1,pcoc,228,216,8,3061,6122,3850,0,0,falied session
2023-02-09 01:49:21.337168,1,pcoc,228,216,8,3061,6122,3850,0,0,RESTART PROGRAM
