id_ci,id_curso,id_fecha,num_cap,total_cursos,volumen_capacitados,total_horas,total_ganancias
184,688,0,14,1,14,336,0.0
543,1432,0,69,1,69,2760,0.0
252,803,0,102,3,126,1632,0.0
252,1629,0,7,3,126,112,0.0
252,1627,0,17,3,126,272,0.0
654,1716,0,19,2,43,456,0.0
654,1715,0,24,2,43,960,0.0
662,1737,0,4,2,30,128,0.0
662,1738,0,26,2,30,624,0.0
294,885,0,27,2,113,1080,0.0
294,886,0,86,2,113,3440,0.0
722,1888,0,2,1,2,80,0.0
448,1214,0,5,1,5,80,0.0
238,774,0,2,1,2,80,0.0
848,2164,0,22,1,22,880,0.0
744,1941,0,43,1,43,1032,0.0
372,1061,0,3,1,3,120,0.0
222,744,0,1,1,1,40,0.0
230,759,0,6,2,50,48,0.0
230,2556,0,44,2,50,1056,0.0
409,1138,0,28,1,28,896,0.0
573,1518,0,10,2,17,160,0.0
120,583,0,67,1,67,536,0.0
634,1660,0,26,2,41,1040,0.0
634,1662,0,15,2,41,600,0.0
683,1784,0,1,1,1,16,0.0
329,974,0,9,1,9,144,0.0
603,1574,0,2,1,2,80,0.0
249,799,0,51,3,160,2040,0.0
249,798,0,61,3,160,2440,0.0
249,800,0,48,3,160,1920,0.0
677,1771,0,2,1,2,80,0.0
173,669,0,1,1,1,40,0.0
612,1611,0,12,2,19,480,0.0
612,1612,0,7,2,19,280,0.0
337,989,0,32,3,170,256,0.0
337,988,0,85,3,170,1360,0.0
337,990,0,53,3,170,2120,0.0
263,818,0,30,1,30,720,6962.400000000001
36,87,0,23,1,23,920,0.0
600,1603,0,704,2,791,16896,0.0
626,1635,0,1,1,1,24,0.0
850,2172,0,3,3,6,120,0.0
850,2174,0,2,3,6,80,0.0
850,2173,0,1,3,6,40,0.0
788,2033,0,5,1,5,200,0.0
296,893,0,9,1,9,216,0.0
794,2042,0,6,4,472,48,0.0
794,2041,0,40,4,472,320,0.0
794,2044,0,70,4,472,1120,0.0
794,2045,0,356,4,472,14240,0.0
678,1774,0,97,1,97,776,0.0
396,1122,0,59,2,76,2360,0.0
396,1121,0,17,2,76,680,0.0
236,771,0,4,1,4,32,0.0
234,767,0,4,1,4,160,0.0
734,1909,0,88,1,88,704,0.0
809,2083,0,61,1,61,2440,0.0
571,1511,0,274,2,295,10960,0.0
717,1877,0,57,1,57,1368,0.0
517,1364,0,6,1,6,240,0.0
569,1508,0,1,1,1,40,0.0
752,1962,0,5,1,5,160,0.0
270,828,0,1,1,1,32,0.0
506,1337,0,13,2,21,208,0.0
506,1338,0,8,2,21,320,0.0
204,718,0,218,2,274,6976,0.0
204,717,0,56,2,274,2240,13641.6
773,2004,0,12,2,27,480,0.0
773,2005,0,15,2,27,600,0.0
174,670,0,5,1,5,200,0.0
873,2217,0,12,2,49,96,0.0
873,2218,0,37,2,49,888,0.0
834,2134,0,9,2,55,360,0.0
834,2135,0,46,2,55,1840,0.0
449,1215,0,38,1,38,1520,0.0
680,1776,0,151,1,151,6040,0.0
26,52,0,34,2,112,1360,0.0
26,53,0,78,2,112,3120,20810.4
785,2694,0,40,5,238,320,0.0
785,2693,0,40,5,238,960,0.0
785,2025,0,9,5,238,144,0.0
785,2026,0,11,5,238,440,0.0
785,2027,0,138,5,238,5520,0.0
582,1525,0,70,4,392,1680,0.0
582,1524,0,264,4,392,8448,0.0
871,2212,0,5,1,5,200,0.0
537,1418,0,188,4,304,3008,0.0
537,1421,0,19,4,304,456,0.0
537,1419,0,45,4,304,1080,0.0
520,1372,0,41,7,172,328,0.0
520,1370,0,31,7,172,248,0.0
520,1371,0,27,7,172,432,0.0
520,1368,0,31,7,172,744,0.0
520,1369,0,21,7,172,168,0.0
520,1374,0,17,7,172,680,0.0
804,2069,0,46,1,46,1840,0.0
334,983,0,6,3,228,96,0.0
334,984,0,219,3,228,1752,0.0
434,1182,0,3,1,3,120,0.0
586,1533,0,20,1,20,480,0.0
315,932,0,8,1,8,320,0.0
389,1099,0,40,3,110,1600,0.0
389,1098,0,24,3,110,960,0.0
389,1097,0,46,3,110,1840,0.0
394,2222,0,1,6,62,24,0.0
394,2221,0,1,6,62,40,0.0
394,2223,0,1,6,62,40,0.0
394,1107,0,18,6,62,576,0.0
394,1108,0,20,6,62,800,0.0
394,1106,0,21,6,62,840,0.0
271,1692,0,343,4,1046,13720,0.0
271,1691,0,345,4,1046,13800,0.0
271,1690,0,330,4,1046,13200,0.0
271,830,0,28,4,1046,448,0.0
14,25,0,24,2,28,384,0.0
14,26,0,4,2,28,160,0.0
254,805,0,1,1,1,24,0.0
771,2002,0,1,1,1,8,0.0
605,1581,0,34,2,39,816,0.0
605,1582,0,5,2,39,80,0.0
52,361,0,5,2,7,200,1934.0
52,360,0,2,2,7,48,464.16
308,916,0,33,2,45,528,0.0
308,917,0,12,2,45,288,0.0
371,1060,0,36,1,36,1440,0.0
620,1624,0,2,2,4,80,0.0
620,1625,0,2,2,4,80,249.6
365,1048,0,203,1,203,4872,0.0
8,16,0,1,1,1,40,0.0
593,1547,0,73,1,73,2920,46223.600000000006
727,1894,0,74,1,74,1184,0.0
197,706,0,77,2,147,3080,0.0
197,705,0,70,2,147,1680,0.0
226,751,0,10,1,10,80,0.0
682,1782,0,16,2,36,640,0.0
23,48,0,1,1,1,24,0.0
377,1073,0,1,3,4,40,0.0
377,1072,0,1,3,4,40,0.0
377,1071,0,2,3,4,32,0.0
568,1504,0,127,2,312,5080,0.0
568,2700,0,185,2,312,7400,0.0
755,1969,0,10,1,10,400,0.0
723,1889,0,3,1,3,48,0.0
239,775,0,7,1,7,280,2707.6
381,1249,0,12,4,77,480,0.0
381,1080,0,45,4,77,1800,0.0
381,1248,0,16,4,77,640,0.0
381,1247,0,4,4,77,96,0.0
385,1088,0,301,4,872,12040,0.0
385,1090,0,6,4,872,192,0.0
385,2175,0,205,4,872,8200,0.0
385,1089,0,360,4,872,14400,0.0
354,1023,0,11,3,64,440,0.0
354,1021,0,6,3,64,240,0.0
354,1022,0,47,3,64,752,0.0
177,673,0,18,2,44,144,0.0
177,674,0,26,2,44,1040,0.0
301,903,0,3,1,3,120,0.0
595,1550,0,3,2,12,96,0.0
595,1551,0,9,2,12,216,0.0
729,1896,0,170,1,170,5440,0.0
205,719,0,10,1,10,160,0.0
555,1473,0,64,1,64,2560,0.0
417,2601,0,1,2,15,32,0.0
417,1150,0,14,2,15,448,0.0
287,871,0,13,1,13,312,0.0
41,193,0,29,3,134,464,0.0
41,195,0,79,3,134,3160,0.0
41,194,0,26,3,134,416,0.0
288,872,0,45,1,45,1800,0.0
477,1267,0,28,1,28,1120,0.0
10,20,0,1,2,6,16,0.0
10,19,0,5,2,6,200,0.0
710,1855,0,1,1,1,8,0.0
632,1656,0,16,1,16,128,0.0
478,1269,0,77,2,84,3080,0.0
478,1270,0,7,2,84,280,0.0
843,2154,0,16,1,16,256,0.0
342,999,0,24,1,24,960,0.0
266,823,0,19,1,19,304,0.0
670,1753,0,5,1,5,200,0.0
505,1332,0,32,2,34,1280,0.0
508,1342,0,17,1,17,272,0.0
548,1440,0,4,1,4,128,0.0
438,1192,0,180,2,211,1440,0.0
438,1191,0,31,2,211,1240,0.0
527,1392,0,20,1,20,640,0.0
318,943,0,4,2,38,64,0.0
318,944,0,34,2,38,1360,0.0
685,1794,0,10,2,582,400,0.0
685,1793,0,572,2,582,13728,0.0
260,1385,0,7,3,96,280,0.0
260,815,0,37,3,96,1184,0.0
260,1386,0,52,3,96,1248,0.0
767,1989,0,89,1,89,3560,0.0
244,789,0,18,4,556,576,0.0
244,2324,0,8,4,556,320,0.0
244,790,0,519,4,556,20760,138469.2
244,2323,0,11,4,556,440,4254.8
352,1017,0,18,1,18,288,0.0
561,1489,0,62,2,85,1984,0.0
561,1488,0,23,2,85,552,0.0
658,1728,0,5,1,5,120,0.0
563,2854,0,7,1,7,224,0.0
447,1209,0,7,1,7,224,0.0
701,1828,0,92,1,92,3680,0.0
262,817,0,130,1,130,5200,0.0
592,1546,0,102,1,102,4080,0.0
504,1331,0,14,1,14,336,0.0
455,2633,0,8,2,68,320,0.0
455,1223,0,60,2,68,960,0.0
613,1598,0,2,1,2,80,0.0
22,46,0,14,2,15,336,0.0
22,47,0,1,2,15,16,0.0
696,1822,0,1,1,1,16,0.0
747,2856,0,402,5,1066,6432,0.0
747,2010,0,348,5,1066,13920,0.0
747,1947,0,177,5,1066,4248,0.0
747,1948,0,50,5,1066,800,0.0
636,1665,0,17,1,17,408,0.0
203,716,0,4,1,4,160,0.0
851,2176,0,38,1,38,608,0.0
4,12,0,3,1,3,96,319.68
319,945,0,8,2,12,320,0.0
319,946,0,4,2,12,96,0.0
652,1712,0,412,2,422,6592,0.0
815,2098,0,205,2,206,8200,0.0
815,2097,0,1,2,206,40,0.0
229,2321,0,11,3,532,440,0.0
229,758,0,481,3,532,19240,0.0
229,757,0,40,3,532,640,0.0
316,2543,0,2,3,8,80,0.0
316,934,0,5,3,8,80,0.0
316,933,0,1,3,8,40,0.0
168,658,0,2,1,2,16,0.0
526,1389,0,1,3,21,40,0.0
526,1388,0,17,3,21,680,0.0
526,1387,0,3,3,21,120,480.0
216,738,0,66,3,355,2640,0.0
216,2028,0,282,3,355,11280,0.0
216,2029,0,7,3,355,280,0.0
772,2003,0,84,1,84,3360,0.0
464,1241,0,7,5,153,112,0.0
464,2648,0,24,5,153,960,0.0
464,1240,0,27,5,153,432,0.0
464,2647,0,16,5,153,640,0.0
464,1242,0,79,5,153,1264,0.0
137,606,0,98,1,98,3920,0.0
421,1158,0,12,3,36,288,0.0
421,1159,0,12,3,36,480,0.0
421,1157,0,12,3,36,480,0.0
401,1119,0,27,1,27,216,0.0
622,1630,0,19,1,19,304,0.0
689,1805,0,19,2,87,608,0.0
689,1804,0,68,2,87,1088,0.0
758,1974,0,305,8,1254,4880,0.0
758,1975,0,96,8,1254,3840,0.0
274,834,0,1,1,1,16,0.0
597,1560,0,1,2,2,40,0.0
597,1559,0,1,2,2,40,0.0
510,1346,0,161,3,263,5152,0.0
510,1347,0,100,3,263,1600,0.0
510,1345,0,2,3,263,32,0.0
182,685,0,1,2,27,32,0.0
258,811,0,4,1,4,160,0.0
348,1009,0,1,1,1,40,0.0
625,1633,0,5,1,5,160,0.0
383,1084,0,23,1,23,920,0.0
211,732,0,11,1,11,440,0.0
639,1669,0,61,1,61,488,0.0
388,1095,0,1,2,54,24,0.0
388,1096,0,53,2,54,2120,0.0
358,1029,0,8,1,8,320,0.0
807,2079,0,16,1,16,640,0.0
774,2006,0,99,1,99,1584,0.0
393,1105,0,106,1,106,4240,0.0
432,1180,0,7,2,47,112,0.0
432,1179,0,40,2,47,1600,0.0
217,739,0,1,1,1,40,160.0
549,1443,0,15,4,507,240,0.0
549,1442,0,180,4,507,2880,0.0
549,1441,0,270,4,507,2160,0.0
21,41,0,23,2,24,368,0.0
21,40,0,1,2,24,40,0.0
598,1563,0,29,3,86,1160,0.0
598,1562,0,33,3,86,1320,0.0
598,1564,0,24,3,86,960,0.0
376,1070,0,2,1,2,32,309.44
251,802,0,69,1,69,1656,0.0
419,1152,0,79,1,79,1264,0.0
304,908,0,34,1,34,544,0.0
730,1897,0,1,1,1,40,0.0
648,1701,0,3,2,11,120,0.0
648,1700,0,8,2,11,320,0.0
202,715,0,4,1,4,160,0.0
391,1101,0,1,1,1,16,0.0
277,837,0,13,1,13,520,0.0
378,1074,0,124,1,124,4960,0.0
444,1201,0,1019,1,1019,32608,0.0
27,56,0,1,1,1,32,0.0
425,1166,0,24,1,24,960,0.0
324,955,0,3,1,3,96,0.0
314,928,0,2,1,2,32,0.0
663,1740,0,77,5,141,3080,0.0
663,1739,0,23,5,141,368,0.0
200,711,0,11,2,37,440,0.0
200,710,0,26,2,37,416,0.0
575,1520,0,13,1,13,520,0.0
474,1262,0,4,2,8,96,0.0
474,1263,0,4,2,8,160,0.0
303,905,0,7,2,9,56,0.0
303,906,0,2,2,9,32,0.0
768,1990,0,6,2,13,144,0.0
768,1991,0,7,2,13,224,0.0
846,2159,0,5,1,5,200,1112.0
770,2001,0,70,2,161,2800,0.0
770,2000,0,91,2,161,3640,0.0
272,831,0,331,4,883,13240,0.0
272,832,0,471,4,883,7536,0.0
272,1751,0,63,4,883,1512,0.0
272,1749,0,18,4,883,720,0.0
530,1400,0,45,1,45,1800,0.0
305,909,0,37,2,49,592,0.0
305,1736,0,12,2,49,192,0.0
818,2102,0,41,1,41,656,0.0
235,770,0,10,1,10,400,0.0
362,1040,0,1,1,1,40,0.0
801,2066,0,31,2,43,1240,0.0
801,2065,0,12,2,43,192,0.0
465,1243,0,11,3,42,440,0.0
465,1244,0,18,3,42,720,0.0
465,1245,0,13,3,42,520,0.0
151,631,0,260,1,260,10400,0.0
656,1722,0,4,1,4,160,0.0
412,1143,0,25,3,124,1000,0.0
412,1144,0,13,3,124,520,0.0
330,976,0,5,2,59,160,0.0
330,975,0,54,2,59,864,0.0
64,1530,0,13,2,15,520,0.0
64,482,0,2,2,15,64,0.0
172,666,0,74,3,257,592,0.0
172,667,0,139,3,257,2224,0.0
172,1773,0,44,3,257,1760,0.0
559,1482,0,12,1,12,384,0.0
790,2035,0,6,1,6,96,1519.68
805,2071,0,5,2,15,200,0.0
805,2072,0,10,2,15,400,0.0
227,753,0,1,1,1,16,0.0
643,1681,0,54,10,258,2160,0.0
643,1685,0,48,10,258,384,0.0
643,1678,0,64,10,258,512,0.0
643,1684,0,8,10,258,320,0.0
643,1683,0,9,10,258,288,0.0
643,1682,0,18,10,258,288,0.0
643,1680,0,11,10,258,176,0.0
33,78,0,2,2,6,16,0.0
33,79,0,4,2,6,64,0.0
437,1188,0,5,3,17,160,0.0
437,1189,0,4,3,17,128,0.0
437,1190,0,8,3,17,192,0.0
199,709,0,43,2,54,1720,0.0
199,708,0,11,2,54,440,0.0
196,704,0,2,1,2,32,0.0
522,1377,0,47,2,94,752,0.0
522,1379,0,47,2,94,1128,0.0
15,29,0,84,2,110,672,0.0
15,28,0,26,2,110,416,0.0
188,1618,0,241,2,270,1928,0.0
188,693,0,29,2,270,1160,0.0
34,2448,0,7,3,36,112,0.0
34,80,0,17,3,36,680,0.0
34,81,0,12,3,36,96,0.0
18,34,0,26,1,26,208,0.0
311,1968,0,6,2,15,240,0.0
311,924,0,9,2,15,144,0.0
703,1834,0,1,3,58,40,0.0
703,1832,0,56,3,58,2240,0.0
703,1833,0,1,3,58,40,0.0
854,2179,0,22,1,22,880,0.0
628,1639,0,21,1,21,840,0.0
154,2639,0,6,2,36,144,0.0
154,635,0,30,2,36,960,0.0
512,1355,0,16,1,16,640,0.0
589,1541,0,2,1,2,32,0.0
5,13,0,9,1,9,72,0.0
486,1288,0,84,2,94,672,6498.24
486,1289,0,10,2,94,400,0.0
347,1008,0,25,2,81,200,1934.0
347,1007,0,56,2,81,1344,12996.480000000001
225,749,0,13,1,13,312,0.0
289,873,0,26,1,26,624,0.0
312,926,0,20,3,90,320,0.0
312,925,0,38,3,90,1520,0.0
312,1326,0,32,3,90,1280,0.0
336,987,0,1,1,1,40,0.0
326,964,0,1,1,1,16,0.0
309,918,0,362,3,373,14480,0.0
309,1787,0,1,3,373,16,0.0
309,1786,0,10,3,373,80,0.0
380,1078,0,17,1,17,544,0.0
777,2011,0,5,1,5,200,900.0
310,923,0,28,1,28,1120,0.0
410,1140,0,1,3,30,8,0.0
410,2579,0,20,3,30,320,0.0
410,2580,0,9,3,30,360,0.0
706,1840,0,5,1,5,120,0.0
491,1303,0,16,1,16,256,0.0
691,1812,0,26,3,88,1040,0.0
691,1814,0,13,3,88,208,0.0
697,1824,0,15,1,15,600,0.0
283,859,0,79,5,95,1264,0.0
283,1898,0,6,5,95,144,0.0
283,1899,0,3,5,95,72,0.0
283,2430,0,6,5,95,96,0.0
283,2429,0,1,5,95,24,0.0
374,1065,0,21,1,21,840,0.0
836,2137,0,8,1,8,256,852.48
145,619,0,94,1,94,1504,0.0
554,1471,0,4,1,4,32,0.0
181,2075,0,2,4,234,48,0.0
181,681,0,7,4,234,280,0.0
181,2074,0,216,4,234,8640,0.0
181,680,0,9,4,234,360,0.0
596,1554,0,54,3,174,2160,0.0
596,1553,0,65,3,174,2600,0.0
596,1555,0,55,3,174,2200,21274.0
778,2012,0,6,3,16,192,0.0
778,2014,0,7,3,16,224,0.0
778,2013,0,3,3,16,120,667.2
261,816,0,2,1,2,80,320.0
300,902,0,47,1,47,1880,0.0
237,773,0,4,1,4,160,0.0
185,689,0,5,2,10,40,0.0
185,690,0,5,2,10,40,0.0
278,838,0,55,1,55,2200,0.0
572,1514,0,2,1,2,80,1266.4
423,1161,0,74,1,74,2960,0.0
454,2499,0,22,2,53,176,0.0
32,76,0,4,1,4,160,0.0
567,1503,0,28,1,28,1120,0.0
528,1397,0,18,4,115,288,0.0
528,1398,0,49,4,115,784,0.0
528,1393,0,38,4,115,1520,0.0
528,1395,0,10,4,115,160,0.0
291,878,0,2,1,2,32,0.0
601,1605,0,280,4,673,11200,0.0
601,2551,0,63,4,673,2520,0.0
601,2550,0,309,4,673,12360,0.0
601,1604,0,21,4,673,840,0.0
103,557,0,41,1,41,1640,0.0
349,1011,0,207,2,208,8280,0.0
349,1010,0,1,2,208,40,0.0
450,1217,0,47,2,66,1880,0.0
450,1218,0,19,2,66,760,0.0
343,1002,0,8,1,8,320,0.0
819,2103,0,1,1,1,40,0.0
750,1953,0,16,3,35,640,0.0
877,2231,0,19,1,19,608,0.0
847,2160,0,9,1,9,72,0.0
720,1882,0,14,1,14,560,0.0
351,1808,0,43,3,289,1720,0.0
351,1015,0,198,3,289,7920,0.0
351,1809,0,48,3,289,1152,0.0
370,1056,0,43,2,63,1720,0.0
370,2441,0,20,2,63,800,0.0
735,1916,0,23,6,184,736,0.0
735,1918,0,1,6,184,32,0.0
735,1915,0,90,6,184,3600,0.0
735,1913,0,29,6,184,1160,0.0
735,1914,0,34,6,184,1360,0.0
810,2084,0,65,1,65,2600,0.0
518,1365,0,11,1,11,88,0.0
630,1651,0,1,2,3,40,0.0
630,1650,0,2,2,3,16,0.0
610,1593,0,88,1,88,3520,0.0
764,1985,0,1,2,6,40,0.0
764,1984,0,5,2,6,200,0.0
655,1719,0,41,4,93,328,0.0
655,2794,0,3,4,93,120,0.0
655,1720,0,16,4,93,256,0.0
655,1721,0,33,4,93,1320,0.0
604,1580,0,1,2,13,40,0.0
35,85,0,3,2,6,96,0.0
35,84,0,3,2,6,72,0.0
531,1406,0,2,2,16,80,0.0
531,1405,0,14,2,16,448,0.0
2,5,0,1,3,72,24,0.0
2,4,0,70,3,72,2800,0.0
2,6,0,1,3,72,32,0.0
855,2180,0,60,3,126,2400,0.0
855,2182,0,58,3,126,2320,0.0
855,2181,0,8,3,126,320,0.0
290,876,0,10,1,10,160,0.0
461,1236,0,49,1,49,1960,0.0
753,1963,0,14,1,14,448,0.0
509,1343,0,19,1,19,760,0.0
413,1145,0,8,3,68,64,0.0
413,2092,0,36,3,68,864,0.0
413,2093,0,24,3,68,384,0.0
651,1711,0,9,2,32,360,1123.2
651,1710,0,23,2,32,920,6136.400000000001
242,785,0,3,3,65,120,0.0
242,782,0,4,3,65,160,0.0
242,786,0,58,3,65,2320,0.0
905,2298,0,2,1,2,48,464.16
169,660,0,31,1,31,1240,0.0
556,2225,0,16,5,1303,384,0.0
556,2227,0,62,5,1303,2480,13788.800000000001
556,2226,0,9,5,1303,216,0.0
715,1871,0,8,1,8,320,0.0
224,748,0,1,4,231,8,0.0
224,1556,0,4,4,231,96,0.0
224,747,0,198,4,231,7920,0.0
224,1557,0,28,4,231,448,0.0
614,1613,0,4,2,67,64,0.0
614,2490,0,63,2,67,2520,0.0
259,1849,0,46,5,160,1104,0.0
259,813,0,62,5,160,1984,0.0
259,814,0,12,5,160,480,0.0
259,1848,0,2,5,160,80,0.0
259,1850,0,38,5,160,1520,0.0
490,1299,0,9,1,9,360,0.0
879,2233,0,26,3,56,832,0.0
879,2234,0,27,3,56,1080,0.0
879,2858,0,3,3,56,120,0.0
757,1972,0,28,1,28,448,0.0
276,836,0,373,1,373,8952,0.0
321,949,0,4,1,4,160,0.0
387,1094,0,35,1,35,1400,13538.0
9,17,0,99,1,99,3960,0.0
616,1620,0,5,1,5,200,0.0
166,1758,0,7,3,171,280,873.6
166,656,0,151,3,171,3624,0.0
166,1760,0,13,3,171,312,0.0
789,2034,0,15,1,15,360,0.0
738,1926,0,63,2,74,2520,0.0
738,1927,0,11,2,74,176,0.0
583,1526,0,11,1,11,440,0.0
845,2156,0,18,2,34,720,0.0
845,2157,0,16,2,34,384,0.0
397,1111,0,8,1,8,320,0.0
523,1381,0,4,2,5,96,0.0
523,2466,0,1,2,5,40,0.0
436,1187,0,22,1,22,880,0.0
550,1454,0,21,1,21,504,0.0
532,1408,0,14,2,21,336,0.0
532,1407,0,7,2,21,168,0.0
487,1290,0,14,1,14,448,0.0
400,1118,0,13,1,13,208,3292.64
716,1874,0,18,2,21,720,0.0
716,1875,0,3,2,21,24,0.0
207,725,0,80,3,299,2560,0.0
207,723,0,153,3,299,1224,0.0
207,724,0,66,3,299,1056,0.0
839,2142,0,1,1,1,40,0.0
232,765,0,17,1,17,680,0.0
424,1164,0,42,1,42,1680,30441.600000000002
399,1117,0,12,2,16,480,0.0
399,2169,0,4,2,16,160,0.0
175,1673,0,34,2,36,544,0.0
175,1674,0,2,2,36,16,0.0
30,62,0,259,5,674,10360,0.0
30,65,0,173,5,674,2768,0.0
30,66,0,52,5,674,832,0.0
30,64,0,189,5,674,7560,0.0
30,67,0,1,5,674,16,0.0
29,58,0,92,2,125,3680,0.0
29,1589,0,33,2,125,1056,0.0
219,741,0,1,1,1,32,0.0
724,1890,0,3,1,3,120,0.0
796,2048,0,5,1,5,80,0.0
363,1043,0,94,1,94,2256,0.0
247,793,0,70,3,163,2240,0.0
247,794,0,80,3,163,1920,0.0
247,2052,0,13,3,163,520,0.0
681,1777,0,15,1,15,600,0.0
31,74,0,124,6,426,1984,0.0
31,73,0,35,6,426,560,0.0
31,69,0,152,6,426,3648,0.0
31,72,0,74,6,426,592,0.0
31,70,0,12,6,426,288,0.0
31,75,0,29,6,426,1160,0.0
627,1637,0,29,1,29,696,0.0
359,1031,0,4,1,4,128,0.0
284,860,0,35,1,35,1400,0.0
395,1109,0,2,1,2,48,0.0
718,1878,0,1,1,1,40,0.0
63,476,0,117,4,589,4680,0.0
63,475,0,57,4,589,1368,0.0
63,1467,0,248,4,589,3968,0.0
63,1466,0,167,4,589,1336,0.0
407,1131,0,4,5,50,64,0.0
407,1133,0,12,5,50,480,0.0
407,1132,0,2,5,50,32,0.0
407,2128,0,8,5,50,320,0.0
407,1130,0,24,5,50,960,0.0
20,2238,0,7,3,239,280,1556.8
20,37,0,111,3,239,4440,29614.800000000003
20,38,0,121,3,239,4840,19360.0
609,1587,0,307,1,307,12280,0.0
453,2445,0,1,2,5,40,0.0
813,2090,0,50,1,50,400,0.0
808,2081,0,1,1,1,24,0.0
588,1536,0,26,2,46,624,0.0
255,806,0,24,3,31,384,0.0
255,1499,0,4,3,31,160,0.0
255,1498,0,3,3,31,48,0.0
171,1755,0,2,2,240,32,0.0
171,665,0,238,2,240,9520,0.0
714,1866,0,10,2,20,400,0.0
714,1865,0,10,2,20,400,0.0
708,1845,0,4,2,94,64,0.0
708,1844,0,90,2,94,3600,0.0
320,947,0,5,1,5,200,0.0
471,1254,0,65,1,65,2600,0.0
332,981,0,7,1,7,280,0.0
285,863,0,24,1,24,384,0.0
408,1135,0,319,2,328,12760,0.0
408,2756,0,9,2,328,360,0.0
587,1535,0,1,2,13,16,0.0
587,1534,0,12,2,13,480,0.0
264,2338,0,7,2,189,168,0.0
264,820,0,182,2,189,7280,0.0
679,1775,0,167,1,167,6680,0.0
499,1323,0,90,1,90,1440,0.0
619,1623,0,96,1,96,3840,0.0
553,1470,0,405,5,438,16200,0.0
515,1361,0,2,3,13,32,0.0
515,1360,0,8,3,13,128,0.0
404,1126,0,1,3,3,32,0.0
404,2775,0,1,3,3,40,0.0
404,2774,0,1,3,3,40,0.0
338,991,0,1,1,1,40,0.0
344,1003,0,7,1,7,56,0.0
180,679,0,123,2,173,984,0.0
382,1081,0,31,1,31,992,0.0
441,1197,0,38,2,55,1216,0.0
441,1198,0,17,2,55,680,0.0
653,1713,0,87,2,124,3480,0.0
653,1714,0,37,2,124,1184,0.0
611,1596,0,19,2,46,760,0.0
611,1597,0,27,2,46,216,0.0
402,1120,0,32,1,32,768,0.0
539,1425,0,2,4,62,16,0.0
539,1424,0,40,4,62,320,0.0
799,2057,0,186,1,186,7440,0.0
306,912,0,55,2,57,440,4254.8
306,911,0,2,2,57,48,464.16
482,1281,0,7,4,35,280,0.0
482,2399,0,17,4,35,680,0.0
482,2401,0,4,4,35,64,0.0
482,2400,0,7,4,35,168,0.0
268,826,0,59,3,126,472,0.0
268,1993,0,25,3,126,200,0.0
268,1992,0,42,3,126,1680,0.0
675,1766,0,158,3,858,6320,0.0
675,1767,0,115,3,858,1840,0.0
675,1768,0,585,3,858,23400,0.0
317,937,0,745,10,5192,5960,0.0
317,936,0,499,10,5192,3992,0.0
317,942,0,252,10,5192,10080,0.0
317,938,0,983,10,5192,15728,0.0
317,1695,0,797,10,5192,12752,0.0
317,1696,0,44,10,5192,704,0.0
317,939,0,750,10,5192,30000,0.0
317,941,0,694,10,5192,27760,0.0
317,940,0,148,10,5192,5920,0.0
895,2273,0,4,1,4,160,0.0
384,1085,0,34,3,69,1360,0.0
384,1087,0,23,3,69,920,0.0
384,1086,0,12,3,69,480,0.0
739,1930,0,4,1,4,160,0.0
578,1460,0,2,5,39,16,0.0
578,2410,0,3,5,39,72,0.0
578,1459,0,7,5,39,280,0.0
578,1458,0,23,5,39,368,0.0
578,2411,0,4,5,39,64,0.0
0,1,0,4,2,450,160,0.0
0,0,0,446,2,450,7136,0.0
214,736,0,4,1,4,160,0.0
356,1025,0,542,1,542,13008,0.0
361,1037,0,2,3,110,80,0.0
361,1038,0,105,3,110,4200,0.0
361,1039,0,3,3,110,120,0.0
690,1806,0,2,1,2,32,0.0
817,2101,0,41,1,41,328,0.0
641,1675,0,1,1,1,40,0.0
535,1416,0,2,1,2,80,266.4
745,1943,0,50,2,58,2000,0.0
745,1942,0,8,2,58,320,0.0
497,1317,0,40,1,40,1600,0.0
672,1757,0,17,1,17,680,6575.6
793,2040,0,88,1,88,3520,0.0
208,727,0,20,2,44,800,0.0
223,746,0,398,2,785,12736,0.0
223,745,0,387,2,785,15480,103251.6
513,1357,0,112,3,255,4480,0.0
414,1146,0,1,1,1,16,0.0
633,1657,0,8,2,10,320,0.0
633,1658,0,2,2,10,64,0.0
525,1384,0,6,2,39,240,0.0
525,1383,0,33,2,39,264,0.0
190,695,0,21,1,21,672,0.0
500,1324,0,1,2,2,40,0.0
500,1325,0,1,2,2,40,0.0
511,2438,0,54,4,102,864,0.0
511,1354,0,29,4,102,928,0.0
511,1352,0,14,4,102,224,0.0
594,1548,0,2,3,19,16,0.0
594,2806,0,3,3,19,72,0.0
367,2416,0,3,4,11,120,0.0
367,1051,0,3,4,11,24,0.0
367,2417,0,2,4,11,16,0.0
367,2418,0,3,4,11,120,0.0
731,1900,0,70,2,140,2240,0.0
731,1901,0,70,2,140,2240,0.0
369,1055,0,15,2,31,600,0.0
369,1811,0,16,2,31,640,0.0
533,1410,0,6,2,45,192,0.0
533,1411,0,39,2,45,624,0.0
201,713,0,10,2,21,400,0.0
201,714,0,11,2,21,176,0.0
375,1067,0,152,1,152,6080,0.0
240,777,0,4,1,4,64,0.0
629,1649,0,4,2,11,32,0.0
629,1648,0,7,2,11,280,0.0
327,1335,0,8,5,61,320,0.0
327,1334,0,6,5,61,240,0.0
327,965,0,22,5,61,880,8509.6
327,1336,0,15,5,61,600,0.0
327,966,0,10,5,61,240,3540.0
42,252,0,11,1,11,88,0.0
869,2209,1,107,1,107,1712,0.0
479,1275,1,3,1,3,120,0.0
900,2282,1,130,2,165,3120,0.0
900,2281,1,35,2,165,1400,0.0
1067,2697,1,29,2,50,928,0.0
1067,2698,1,21,2,50,672,0.0
913,2311,1,2,1,2,80,773.6
862,2193,1,18,2,22,576,0.0
862,2194,1,4,2,22,160,0.0
705,1837,1,5,1,5,160,0.0
1093,2771,1,1,1,1,40,0.0
1105,2799,1,92,1,92,2208,0.0
971,2456,1,23,1,23,920,0.0
884,2245,1,4,3,53,160,0.0
884,2247,1,31,3,53,992,0.0
1077,2727,1,1,1,1,16,0.0
860,2191,1,3,1,3,96,0.0
1122,2827,1,23,6,543,368,0.0
1122,2825,1,21,6,543,840,0.0
1122,2829,1,122,6,543,1952,0.0
1122,2826,1,244,6,543,9760,0.0
1122,2831,1,132,6,543,5280,0.0
1122,2828,1,1,6,543,40,0.0
645,1697,1,17,1,17,680,0.0
938,2382,1,26,1,26,832,0.0
661,1733,1,52,2,93,1248,0.0
661,1734,1,41,2,93,656,0.0
951,2409,1,2,2,13,80,0.0
951,2408,1,11,2,13,176,0.0
994,2514,1,1,3,3,8,0.0
994,2516,1,1,3,3,40,0.0
994,2515,1,1,3,3,24,0.0
992,2510,1,6,8,248,48,464.15999999999997
992,2508,1,7,8,248,112,0.0
992,2505,1,19,8,248,152,0.0
992,2507,1,118,8,248,944,0.0
992,2511,1,60,8,248,960,0.0
992,2509,1,15,8,248,240,0.0
992,2506,1,22,8,248,352,0.0
489,1297,1,8,2,30,256,0.0
489,1298,1,22,2,30,352,0.0
887,2256,1,10,2,12,240,0.0
887,2257,1,2,2,12,32,0.0
826,2117,1,25,1,25,1000,0.0
798,2055,1,53,1,53,848,0.0
958,2433,1,11,1,11,440,0.0
912,2308,1,3,1,3,48,0.0
1017,2571,1,446,7,1107,3568,0.0
1017,2572,1,215,7,1107,3440,0.0
904,2289,1,108,1,108,1728,0.0
1036,2627,1,14,1,14,560,0.0
870,2211,1,27,1,27,1080,0.0
560,1485,1,1,2,27,40,0.0
560,1486,1,26,2,27,624,0.0
1012,2562,1,16,1,16,384,0.0
1147,2903,1,1,1,1,40,0.0
941,2385,1,25,1,25,1000,0.0
915,2315,1,32,1,32,1280,0.0
872,2213,1,3,1,3,72,0.0
1137,2875,1,28,2,46,1120,0.0
1137,2874,1,18,2,46,288,0.0
1064,2688,1,2,2,3,64,0.0
1064,2687,1,1,2,3,40,0.0
1016,2569,1,20,1,20,320,5065.6
1098,2783,1,8,1,8,320,3094.4
910,2304,1,403,1,403,16120,0.0
467,1250,1,16,1,16,256,0.0
985,2485,1,97,3,120,3880,0.0
985,2486,1,10,3,120,160,0.0
935,2377,1,3,1,3,120,0.0
660,1732,1,8,3,18,320,0.0
660,1731,1,1,3,18,16,0.0
929,2355,1,202,6,377,6464,0.0
929,2353,1,150,6,377,3600,0.0
929,2356,1,1,6,377,40,0.0
929,2352,1,17,6,377,272,0.0
929,2354,1,6,6,377,96,0.0
1033,2622,1,21,4,199,336,0.0
1033,2620,1,20,4,199,160,0.0
1033,2621,1,150,4,199,1200,0.0
927,2343,1,22,1,22,704,0.0
829,2121,1,8,3,16,128,0.0
829,2122,1,4,3,16,160,0.0
829,2120,1,4,3,16,64,0.0
928,2346,1,85,2,175,3400,0.0
928,2345,1,90,2,175,3600,0.0
1065,2689,1,4,1,4,128,0.0
1139,2880,1,1,1,1,16,0.0
558,1481,1,10,1,10,400,0.0
988,2496,1,61,2,70,488,0.0
684,1791,1,5,1,5,80,0.0
1143,2888,1,1,2,3,40,0.0
1143,2889,1,2,2,3,80,0.0
1152,2916,1,10,2,21,160,0.0
1152,2917,1,11,2,21,440,0.0
903,2288,1,16,1,16,512,0.0
440,1195,1,13,1,13,520,0.0
831,2124,1,100,7,1550,4000,0.0
882,2240,1,4,2,7,160,0.0
882,2242,1,3,2,7,120,0.0
1009,2557,1,1,1,1,40,0.0
874,2219,1,169,2,339,6760,0.0
973,2460,1,4,2,8,160,0.0
973,2461,1,4,2,8,160,0.0
823,2109,1,7,1,7,112,0.0
989,2500,1,125,1,125,1000,0.0
1019,2576,1,57,1,57,2280,0.0
1136,2873,1,29,3,86,1160,0.0
1136,2871,1,29,3,86,1160,0.0
1136,2872,1,28,3,86,1120,0.0
1039,2630,1,38,1,38,1520,0.0
1006,2546,1,2,1,2,80,0.0
967,2451,1,9,1,9,144,0.0
908,2301,1,19,4,126,152,0.0
925,2335,1,2,1,2,64,0.0
962,2443,1,8,2,41,64,0.0
962,2444,1,33,2,41,528,0.0
1145,2899,1,163,9,969,6520,0.0
1145,2893,1,12,9,969,384,0.0
1145,2892,1,13,9,969,520,0.0
1145,2897,1,158,9,969,3792,0.0
1145,2894,1,309,9,969,4944,0.0
1145,2895,1,19,9,969,760,0.0
1145,2896,1,130,9,969,5200,0.0
926,2342,1,31,1,31,1240,0.0
956,2431,1,12,1,12,480,4641.6
968,2452,1,1,1,1,16,0.0
1107,2803,1,7,1,7,280,0.0
896,2275,1,9,1,9,144,0.0
1140,2883,1,1,2,19,40,0.0
1140,2881,1,18,2,19,720,0.0
937,2380,1,20,1,20,320,0.0
6,14,1,19,1,19,760,0.0
922,2329,1,53,2,92,424,0.0
922,2328,1,39,2,92,624,0.0
1110,2807,1,3,1,3,120,0.0
830,2123,1,1,1,1,40,0.0
894,2272,1,61,1,61,2440,0.0
646,1698,1,10,1,10,80,0.0
1090,2767,1,8,3,24,64,0.0
1090,2766,1,5,3,24,160,0.0
1090,2765,1,11,3,24,176,0.0
1099,2786,1,1,1,1,40,133.2
460,1234,1,4,1,4,160,0.0
1123,2836,1,22,2,62,352,0.0
1123,2835,1,40,2,62,1600,0.0
974,2463,1,67,3,641,1608,0.0
974,2462,1,28,3,641,448,0.0
495,1309,1,4,4,8,32,0.0
495,1310,1,2,4,8,64,0.0
495,1312,1,1,4,8,32,0.0
495,1313,1,1,4,8,40,0.0
990,2501,1,2,1,2,16,0.0
1125,2839,1,1,1,1,40,0.0
986,2488,1,2,1,2,80,0.0
733,1907,1,16,1,16,640,0.0
921,2327,1,39,1,39,1560,0.0
940,2384,1,2,1,2,80,0.0
786,2031,1,11,2,12,176,0.0
786,2030,1,1,2,12,40,0.0
775,2007,1,3,1,3,120,0.0
475,1264,1,1,2,2,8,0.0
475,1265,1,1,2,2,24,0.0
671,1756,1,40,1,40,640,0.0
828,2119,1,23,1,23,920,0.0
899,2280,1,135,1,135,5400,0.0
824,2113,1,9,1,9,360,0.0
969,2454,1,24,1,24,960,0.0
695,1820,1,27,2,60,1080,0.0
695,1821,1,33,2,60,1320,0.0
923,2330,1,1,3,3,24,0.0
923,2332,1,1,3,3,32,0.0
923,2331,1,1,3,3,16,0.0
885,2251,1,5,6,441,160,0.0
885,2252,1,228,6,441,9120,0.0
885,2249,1,112,6,441,4480,0.0
1035,2626,1,4,2,5,160,0.0
1035,2625,1,1,2,5,32,0.0
859,2190,1,7,1,7,280,0.0
886,2253,1,183,2,288,4392,0.0
468,1251,1,32,1,32,256,0.0
914,2313,1,24,2,38,960,4320.0
1047,2646,1,1,1,1,8,0.0
890,2263,1,8,8,873,128,0.0
890,2262,1,4,8,873,160,0.0
892,2270,1,2,1,2,80,0.0
933,2367,1,345,7,1181,2760,0.0
933,2366,1,183,7,1181,5856,0.0
933,2371,1,30,7,1181,480,0.0
933,2368,1,69,7,1181,1104,0.0
933,2365,1,399,7,1181,6384,0.0
933,2369,1,120,7,1181,4800,0.0
1031,2613,1,1,1,1,40,0.0
1081,2733,1,4,3,19,160,0.0
1081,2735,1,5,3,19,200,0.0
1081,2734,1,10,3,19,400,0.0
1043,2637,1,2,1,2,80,0.0
911,2306,1,3,1,3,48,0.0
1022,2582,1,34,1,34,1360,0.0
1032,2615,1,14,1,14,112,0.0
832,2127,1,29,3,84,232,0.0
832,2126,1,48,3,84,384,0.0
1134,2865,1,3,1,3,48,0.0
61,1092,2,6,5,94,240,0.0
61,455,2,6,5,94,192,0.0
61,2146,2,4,5,94,160,0.0
61,1093,2,57,5,94,2280,0.0
61,2147,2,21,5,94,840,0.0
48,1462,2,1,6,1288,40,0.0
48,1463,2,7,6,1288,280,0.0
48,321,2,184,6,1288,7360,22963.2
48,950,2,615,6,1288,24600,0.0
48,951,2,12,6,1288,480,4641.6
48,320,2,469,6,1288,18760,0.0
140,611,2,6,1,6,240,0.0
58,441,2,3,3,17,120,0.0
58,439,2,6,3,17,240,0.0
58,440,2,8,3,17,320,0.0
93,532,2,95,3,464,3800,11856.0
93,533,2,364,3,464,14560,0.0
84,517,2,5,2,10,200,0.0
84,1437,2,5,2,10,200,0.0
13,23,2,46,1,46,736,0.0
62,473,2,58,3,222,928,0.0
62,472,2,64,3,222,2560,0.0
62,471,2,100,3,222,4000,0.0
160,1484,2,6,5,908,48,0.0
160,645,2,329,5,908,2632,0.0
160,1483,2,74,5,908,1184,0.0
160,644,2,336,5,908,2688,0.0
160,643,2,163,5,908,2608,0.0
114,2537,2,15,2,25,600,9498.0
114,575,2,10,2,25,400,2668.0
119,581,2,2,1,2,32,0.0
142,613,2,336,3,480,8064,0.0
159,642,2,285,1,285,4560,0.0
73,499,2,301,2,455,12040,0.0
73,2073,2,154,2,455,4928,0.0
150,629,2,112,3,507,3584,0.0
150,630,2,282,3,507,11280,0.0
150,1272,2,113,3,507,4520,43708.4
104,559,2,19,2,32,760,0.0
104,558,2,13,2,32,520,0.0
43,1529,2,1,6,1455,40,0.0
43,864,2,1,6,1455,40,0.0
43,268,2,809,6,1455,25888,0.0
43,867,2,55,6,1455,2200,0.0
43,865,2,19,6,1455,760,0.0
43,866,2,570,6,1455,22800,0.0
130,598,2,46,2,102,1840,0.0
130,597,2,56,2,102,896,0.0
102,554,2,7,3,168,56,0.0
102,555,2,22,3,168,176,0.0
102,556,2,139,3,168,3336,0.0
49,332,2,1,2,3,24,0.0
49,333,2,2,2,3,80,0.0
68,489,2,2,1,2,32,0.0
57,430,2,346,6,1162,2768,0.0
57,1075,2,236,6,1162,3776,0.0
57,2144,2,30,6,1162,480,0.0
57,2145,2,39,6,1162,1560,0.0
57,429,2,475,6,1162,7600,0.0
57,2143,2,36,6,1162,576,0.0
124,589,2,226,1,226,5424,0.0
141,612,2,14,1,14,224,0.0
97,541,2,15,3,170,120,0.0
97,542,2,30,3,170,720,0.0
97,540,2,125,3,170,5000,0.0
116,577,2,14,3,101,560,0.0
116,578,2,50,3,101,800,0.0
116,1567,2,37,3,101,1480,0.0
148,626,2,97,2,144,3880,0.0
148,627,2,47,2,144,752,0.0
113,574,2,2,1,2,80,1180.0
146,620,2,235,1,235,9400,0.0
123,588,2,26,1,26,1040,10056.800000000001
95,538,2,425,3,542,17000,0.0
95,537,2,111,3,542,4440,0.0
95,536,2,6,3,542,96,0.0
82,515,2,2,1,2,32,0.0
92,531,2,84,1,84,3360,0.0
89,525,2,5,2,1216,200,0.0
89,526,2,1211,2,1216,29064,0.0
132,601,2,495,1,495,19800,207900.0
170,1507,2,4,9,195,160,0.0
170,664,2,39,9,195,312,0.0
170,1505,2,4,9,195,64,0.0
170,1506,2,4,9,195,160,0.0
170,662,2,107,9,195,1712,0.0
94,534,2,1,2,10,32,0.0
94,535,2,9,2,10,216,0.0
125,591,2,149,1,149,5960,0.0
74,501,2,2,1,2,64,440.32
110,568,2,4,1,4,160,0.0
67,488,2,2,1,2,80,0.0
143,615,2,1,2,6,40,0.0
143,616,2,5,2,6,200,0.0
45,283,2,1,2,2,8,0.0
45,282,2,1,2,2,24,0.0
50,1349,2,182,4,1524,4368,0.0
50,336,2,1058,4,1524,8464,0.0
50,1351,2,4,4,1524,64,0.0
50,335,2,280,4,1524,4480,0.0
70,493,2,4,1,4,128,0.0
75,502,2,1,1,1,40,0.0
106,561,2,9,2,56,360,0.0
106,563,2,47,2,56,752,0.0
131,599,2,6,3,56,240,0.0
167,657,2,1,1,1,40,0.0
71,495,2,116,3,279,2784,0.0
71,497,2,3,3,279,24,0.0
71,496,2,160,3,279,3840,0.0
88,523,2,6,1,6,48,0.0
76,507,2,163,2,389,5216,0.0
76,508,2,226,2,389,9040,28204.8
40,169,2,34,1,34,1360,0.0
127,1301,2,8,2,24,320,0.0
127,593,2,16,2,24,640,0.0
69,2293,2,4,6,190,160,0.0
69,491,2,22,6,190,880,0.0
69,492,2,2,6,190,32,0.0
69,2292,2,5,6,190,200,0.0
69,2294,2,155,6,190,6200,0.0
69,2295,2,2,6,190,80,0.0
157,638,2,2,2,17,48,0.0
157,1348,2,15,2,17,120,0.0
109,2058,2,12,4,164,192,0.0
109,566,2,120,4,164,4800,0.0
109,2060,2,1,4,164,16,0.0
109,2059,2,31,4,164,1240,0.0
111,571,2,28,1,28,1120,0.0
65,485,2,9,1,9,360,0.0
121,585,2,159,3,614,1272,0.0
121,584,2,434,3,614,17360,0.0
121,1924,2,21,3,614,840,0.0
139,1778,2,24,6,294,192,0.0
139,1779,2,8,6,294,128,0.0
139,609,2,8,6,294,128,0.0
139,608,2,216,6,294,3456,0.0
139,1780,2,37,6,294,592,0.0
139,1781,2,1,6,294,16,0.0
136,605,2,12,1,12,288,0.0
101,549,2,284,8,4788,2272,0.0
101,1258,2,436,8,4788,17440,0.0
101,550,2,595,8,4788,9520,0.0
101,551,2,2580,8,4788,103200,0.0
101,552,2,54,8,4788,1296,0.0
101,1257,2,484,8,4788,7744,0.0
39,136,2,1,1,1,8,0.0
105,560,2,28,1,28,448,0.0
53,362,2,3,3,182,120,0.0
53,364,2,177,3,182,7080,0.0
53,363,2,2,3,182,80,0.0
135,1655,2,258,3,1054,10320,0.0
135,604,2,569,3,1054,22760,0.0
135,1654,2,227,3,1054,9080,0.0
122,586,2,41,1,41,1312,0.0
55,403,2,46,3,150,1840,0.0
55,401,2,63,3,150,2520,0.0
55,402,2,41,3,150,1640,0.0
133,1959,2,145,3,665,5800,56086.0
133,1956,2,82,3,665,2624,0.0
133,602,2,438,3,665,17520,70080.0
149,628,2,166,1,166,3984,0.0
117,579,2,5,1,5,80,0.0
134,603,2,39,1,39,1560,0.0
155,636,2,29,1,29,696,0.0
